{"type":"FeatureCollection","features":[{"type":"Feature","properties":{"name":"Baylor County","fips":"48023"},"geometry":{"type":"Polygon","coordinates":[[[-99.4756,33.834],[-99.4724,33.399],[-98.9539,33.3975],[-98.9532,33.834],[-99.4756,33.834]]]}},{"type":"Feature","properties":{"name":"San Augustine County","fips":"48405"},"geometry":{"type":"Polygon","coordinates":[[[-94.3998,31.6495],[-94.3109,31.5892],[-94.3054,31.5711],[-94.3021,31.5053],[-94.3161,31.4958],[-94.325,31.4394],[-94.3049,31.4218],[-94.3269,31.4],[-94.3312,31.363],[-94.3149,31.3081],[-94.3398,31.2408],[-94.2622,31.1803],[-94.219,31.1733],[-94.1927,31.1355],[-94.1296,31.0993],[-94.0454,31.1167],[-94.029,31.2502],[-94.0473,31.2982],[-94.0217,31.3659],[-94.0442,31.41],[-93.9832,31.4661],[-93.9845,31.5694],[-94.0907,31.6206],[-94.3998,31.6495]]]}},{"type":"Feature","properties":{"name":"Madison County","fips":"48313"},"geometry":{"type":"Polygon","coordinates":[[[-95.6625,31.0836],[-95.9752,31.092],[-96.0463,31.0694],[-96.1709,30.9944],[-96.241,30.9737],[-96.1982,30.9321],[-96.2127,30.9053],[-96.1741,30.8531],[-96.1744,30.8267],[-95.8296,30.8621],[-95.7165,30.9114],[-95.6545,30.8932],[-95.6141,30.913],[-95.6179,30.9304],[-95.6498,30.936],[-95.6812,30.987],[-95.6584,31.0163],[-95.6632,31.0332],[-95.6282,31.0433],[-95.6625,31.0836]]]}},{"type":"Feature","properties":{"name":"Cottle County","fips":"48101"},"geometry":{"type":"Polygon","coordinates":[[[-100.5173,34.3141],[-100.5187,33.8357],[-100.0485,33.836],[-100.047,34.2298],[-100.0098,34.242],[-99.9976,34.2244],[-99.9977,34.3118],[-100.5173,34.3141]]]}},{"type":"Feature","properties":{"name":"Young County","fips":"48503"},"geometry":{"type":"Polygon","coordinates":[[[-98.9539,33.3975],[-98.9509,32.9569],[-98.4272,32.9523],[-98.4207,33.3962],[-98.9539,33.3975]]]}},{"type":"Feature","properties":{"name":"Presidio County","fips":"48377"},"geometry":{"type":"Polygon","coordinates":[[[-104.9808,30.6255],[-104.9675,30.6079],[-104.9247,30.6051],[-104.8988,30.5705],[-104.8666,30.4943],[-104.8679,30.4411],[-104.8479,30.42],[-104.8593,30.3903],[-104.8164,30.3752],[-104.8116,30.3328],[-104.7667,30.306],[-104.7632,30.2748],[-104.7063,30.2348],[-104.6863,30.1733],[-104.6967,30.1345],[-104.685,30.0853],[-104.7073,30.0499],[-104.6895,30.0151],[-104.6931,29.9755],[-104.6802,29.977],[-104.6853,29.9567],[-104.6732,29.955],[-104.6833,29.9291],[-104.5659,29.7715],[-104.5699,29.7526],[-104.5498,29.7409],[-104.5604,29.7352],[-104.5302,29.6905],[-104.5441,29.6807],[-104.5156,29.6403],[-104.476,29.628],[-104.3382,29.5202],[-104.3155,29.5328],[-104.2371,29.4976],[-104.2307,29.4787],[-104.21,29.4822],[-104.2177,29.4566],[-104.1674,29.3947],[-104.1066,29.3733],[-104.0375,29.3197],[-103.7959,29.2597],[-103.8007,30.4125],[-103.901,30.4122],[-104.9808,30.6255]]]}},{"type":"Feature","properties":{"name":"Willacy County","fips":"48489"},"geometry":{"type":"Polygon","coordinates":[[[-97.8619,26.3483],[-97.5276,26.2993],[-97.5213,26.3258],[-97.5008,26.3189],[-97.5077,26.3347],[-97.4697,26.3299],[-97.4679,26.3429],[-97.4454,26.3258],[-97.3865,26.4104],[-97.1673,26.4127],[-97.2254,26.6002],[-97.8617,26.598],[-97.9574,26.6118],[-97.9639,26.5335],[-97.9844,26.5366],[-98.0042,26.4488],[-97.8619,26.4336],[-97.8619,26.3483]]]}},{"type":"Feature","properties":{"name":"Starr County","fips":"48427"},"geometry":{"type":"Polygon","coordinates":[[[-99.1718,26.5455],[-99.1049,26.5004],[-99.092,26.4724],[-99.1135,26.4325],[-99.0836,26.3974],[-99.0349,26.4134],[-99.0106,26.3921],[-98.9573,26.3963],[-98.9422,26.3697],[-98.9259,26.3944],[-98.8967,26.3533],[-98.8073,26.3694],[-98.789,26.3304],[-98.7511,26.3316],[-98.7362,26.3092],[-98.7542,26.3079],[-98.751,26.2963],[-98.7025,26.287],[-98.72,26.2728],[-98.6807,26.2626],[-98.6731,26.2384],[-98.6346,26.2423],[-98.6233,26.2599],[-98.616,26.2465],[-98.5864,26.2578],[-98.3207,26.7831],[-98.9542,26.7857],[-99.0111,26.675],[-99.1694,26.5717],[-99.1718,26.5455]]]}},{"type":"Feature","properties":{"name":"Archer County","fips":"48009"},"geometry":{"type":"Polygon","coordinates":[[[-98.9539,33.4045],[-98.4207,33.3962],[-98.4236,33.836],[-98.9532,33.834],[-98.9539,33.4045]]]}},{"type":"Feature","properties":{"name":"Denton County","fips":"48121"},"geometry":{"type":"Polygon","coordinates":[[[-96.8441,32.9874],[-96.8411,33.4134],[-97.3831,33.4304],[-97.3985,32.9917],[-96.8441,32.9874]]]}},{"type":"Feature","properties":{"name":"Red River County","fips":"48387"},"geometry":{"type":"Polygon","coordinates":[[[-95.3105,33.8772],[-95.3066,33.378],[-95.2415,33.3678],[-95.0933,33.3976],[-95.0397,33.3801],[-95.0047,33.3954],[-94.9083,33.3837],[-94.8893,33.3985],[-94.8576,33.3767],[-94.8127,33.3756],[-94.815,33.3629],[-94.7819,33.3443],[-94.7814,33.3187],[-94.7469,33.3289],[-94.7538,33.7087],[-94.7329,33.7245],[-94.7514,33.7135],[-94.7518,33.7343],[-94.7886,33.7357],[-94.7587,33.7489],[-94.7687,33.761],[-94.8028,33.7327],[-94.8207,33.769],[-94.822,33.7329],[-94.8699,33.7462],[-94.8677,33.7685],[-94.8764,33.7573],[-94.9215,33.7905],[-94.918,33.8268],[-94.9233,33.8087],[-94.9422,33.8058],[-94.9702,33.8618],[-94.9885,33.851],[-95.0482,33.8635],[-95.0601,33.9019],[-95.076,33.9021],[-95.0673,33.9174],[-95.0896,33.8809],[-95.1004,33.8956],[-95.0801,33.921],[-95.1209,33.9045],[-95.1247,33.9347],[-95.226,33.9622],[-95.2502,33.9385],[-95.2541,33.8936],[-95.276,33.9113],[-95.2791,33.8766],[-95.3105,33.8772]]]}},{"type":"Feature","properties":{"name":"Matagorda County","fips":"48321"},"geometry":{"type":"Polygon","coordinates":[[[-96.3092,28.9633],[-96.3227,28.6429],[-96.3952,28.2797],[-96.3208,28.3629],[-96.2823,28.375],[-96.2582,28.4079],[-96.1822,28.452],[-95.7778,28.6253],[-95.4957,28.7648],[-95.5041,28.8377],[-95.5737,28.8328],[-95.5792,28.8596],[-95.6421,28.9043],[-95.6551,28.9515],[-95.6991,28.9695],[-95.7694,28.9711],[-95.7855,29.0392],[-95.7651,29.0608],[-95.8419,29.0991],[-95.8505,29.1569],[-95.8384,29.1766],[-95.8578,29.1933],[-95.8447,29.2047],[-95.874,29.2297],[-95.9652,29.1469],[-96.3092,28.9633]]]}},{"type":"Feature","properties":{"name":"Hardeman County","fips":"48197"},"geometry":{"type":"Polygon","coordinates":[[[-99.9975,34.5606],[-99.9976,34.2244],[-99.7705,34.0928],[-99.6243,34.0966],[-99.5494,34.0558],[-99.5321,34.0749],[-99.4911,34.0654],[-99.479,34.0757],[-99.4751,34.3959],[-99.5744,34.4183],[-99.6,34.3747],[-99.695,34.3783],[-99.7937,34.4539],[-99.8218,34.4978],[-99.9461,34.5791],[-99.9975,34.5606]]]}},{"type":"Feature","properties":{"name":"Palo Pinto County","fips":"48363"},"geometry":{"type":"Polygon","coordinates":[[[-98.5756,32.9543],[-98.5763,32.5152],[-98.0685,32.5116],[-98.0561,33.0033],[-98.4266,33.0079],[-98.4272,32.9523],[-98.5756,32.9543]]]}},{"type":"Feature","properties":{"name":"Fort Bend County","fips":"48157"},"geometry":{"type":"Polygon","coordinates":[[[-95.5771,29.3681],[-95.5476,29.3952],[-95.5506,29.4383],[-95.4626,29.4392],[-95.4242,29.5807],[-95.826,29.7886],[-95.9713,29.7405],[-95.9709,29.7286],[-96.0327,29.7279],[-96.0071,29.7167],[-96.006,29.7039],[-96.0228,29.7045],[-96.0156,29.6814],[-96.0601,29.6763],[-96.0168,29.6675],[-96.0332,29.6582],[-96.0148,29.6417],[-96.0248,29.6029],[-96.0889,29.6017],[-96.0621,29.5914],[-96.0445,29.5621],[-96.0542,29.5122],[-96.0223,29.5023],[-96.0596,29.492],[-96.06,29.4736],[-96.0295,29.4522],[-96.0353,29.443],[-95.992,29.4339],[-95.9674,29.382],[-95.9365,29.3587],[-95.9506,29.3366],[-95.8941,29.3146],[-95.8792,29.2664],[-95.8477,29.2626],[-95.7978,29.308],[-95.784,29.2962],[-95.7529,29.3245],[-95.6262,29.293],[-95.6258,29.313],[-95.5792,29.3406],[-95.5771,29.3681]]]}},{"type":"Feature","properties":{"name":"Bosque County","fips":"48035"},"geometry":{"type":"Polygon","coordinates":[[[-97.6052,31.5878],[-97.2773,31.7455],[-97.3265,31.7884],[-97.2772,31.8363],[-97.3298,31.8421],[-97.3828,31.8708],[-97.3594,31.8896],[-97.4395,31.9298],[-97.3773,31.9795],[-97.4056,31.9876],[-97.4264,32.0286],[-97.4477,32.0125],[-97.486,32.0176],[-97.4921,32.0597],[-97.4699,32.0916],[-97.4971,32.1343],[-97.4687,32.1488],[-97.4613,32.1719],[-97.5111,32.1624],[-97.5082,32.1384],[-97.5218,32.1348],[-97.5697,32.1513],[-97.5734,32.1803],[-97.6017,32.1757],[-97.5946,32.202],[-97.6309,32.2074],[-98.0055,32.0179],[-97.7664,31.6725],[-97.6898,31.711],[-97.6052,31.5878]]]}},{"type":"Feature","properties":{"name":"Wilson County","fips":"48493"},"geometry":{"type":"Polygon","coordinates":[[[-98.1342,29.4418],[-98.4073,29.1144],[-98.191,28.8823],[-97.7284,29.2217],[-97.8588,29.3529],[-97.8404,29.3768],[-98.0847,29.3796],[-98.1131,29.3653],[-98.1342,29.4418]]]}},{"type":"Feature","properties":{"name":"Ector County","fips":"48135"},"geometry":{"type":"Polygon","coordinates":[[[-102.7989,31.6518],[-102.2873,31.6513],[-102.287,32.087],[-102.7991,32.0858],[-102.7989,31.6518]]]}},{"type":"Feature","properties":{"name":"Limestone County","fips":"48293"},"geometry":{"type":"Polygon","coordinates":[[[-96.2366,31.4134],[-96.4968,31.7962],[-96.7191,31.8149],[-96.9322,31.7089],[-96.5969,31.2209],[-96.3192,31.3571],[-96.3229,31.3741],[-96.2366,31.4134]]]}},{"type":"Feature","properties":{"name":"King County","fips":"48269"},"geometry":{"type":"Polygon","coordinates":[[[-100.5187,33.8357],[-100.5174,33.3979],[-99.991,33.3974],[-99.9964,33.836],[-100.5187,33.8357]]]}},{"type":"Feature","properties":{"name":"Tom Green County","fips":"48451"},"geometry":{"type":"Polygon","coordinates":[[[-100.6888,31.0866],[-100.1152,31.088],[-100.1112,31.5803],[-100.2338,31.5822],[-100.2358,31.693],[-100.8611,31.7054],[-100.8653,31.5623],[-101.2676,31.5565],[-101.2679,31.5287],[-100.6931,31.524],[-100.6888,31.0866]]]}},{"type":"Feature","properties":{"name":"Lubbock County","fips":"48303"},"geometry":{"type":"Polygon","coordinates":[[[-102.0759,33.3896],[-101.5569,33.3948],[-101.5636,33.8305],[-102.0857,33.8247],[-102.0759,33.3896]]]}},{"type":"Feature","properties":{"name":"Jones County","fips":"48253"},"geometry":{"type":"Polygon","coordinates":[[[-99.612,32.5147],[-99.612,32.957],[-100.1442,32.96],[-100.1465,32.5228],[-99.612,32.5147]]]}},{"type":"Feature","properties":{"name":"Grimes County","fips":"48185"},"geometry":{"type":"Polygon","coordinates":[[[-96.1883,30.5996],[-96.1598,30.5673],[-96.13,30.4526],[-96.08,30.4304],[-96.1122,30.4157],[-96.1215,30.384],[-96.1473,30.3828],[-96.1398,30.3403],[-96.1544,30.3332],[-96.1195,30.3048],[-96.0944,30.3094],[-96.1003,30.2918],[-96.084,30.2851],[-96.0991,30.2552],[-96.0808,30.2443],[-96.1044,30.2315],[-95.8043,30.2456],[-95.8173,30.4987],[-95.8631,30.8641],[-96.1684,30.823],[-96.1836,30.7951],[-96.1626,30.7695],[-96.1621,30.7278],[-96.1779,30.7095],[-96.164,30.659],[-96.1883,30.5996]]]}},{"type":"Feature","properties":{"name":"Kimble County","fips":"48267"},"geometry":{"type":"Polygon","coordinates":[[[-100.1162,30.7104],[-100.1165,30.2903],[-99.3017,30.2867],[-99.304,30.4998],[-99.4845,30.4996],[-99.4839,30.7108],[-100.1162,30.7104]]]}},{"type":"Feature","properties":{"name":"Hays County","fips":"48209"},"geometry":{"type":"Polygon","coordinates":[[[-97.8944,29.883],[-97.7924,29.9452],[-97.7088,30.0235],[-98.173,30.3563],[-98.2976,30.038],[-98.0305,29.8485],[-97.9993,29.7524],[-97.8753,29.8582],[-97.8991,29.8574],[-97.8944,29.883]]]}},{"type":"Feature","properties":{"name":"Live Oak County","fips":"48297"},"geometry":{"type":"Polygon","coordinates":[[[-98.335,28.6127],[-98.3343,28.0578],[-97.8831,28.0569],[-97.9012,28.0678],[-97.9041,28.1142],[-97.8088,28.1834],[-98.0898,28.663],[-98.0053,28.6902],[-98.0983,28.7869],[-98.335,28.6127]]]}},{"type":"Feature","properties":{"name":"Crosby County","fips":"48107"},"geometry":{"type":"Polygon","coordinates":[[[-101.5569,33.3948],[-101.0388,33.3972],[-101.0412,33.8336],[-101.5636,33.8305],[-101.5569,33.3948]]]}},{"type":"Feature","properties":{"name":"Lavaca County","fips":"48285"},"geometry":{"type":"Polygon","coordinates":[[[-97.2111,29.4786],[-97.2401,29.3845],[-96.9386,29.0632],[-96.5606,29.3354],[-96.7931,29.5774],[-96.8328,29.5769],[-96.843,29.6164],[-96.865,29.6327],[-97.1426,29.6281],[-97.2041,29.5806],[-97.2111,29.4786]]]}},{"type":"Feature","properties":{"name":"Kendall County","fips":"48259"},"geometry":{"type":"Polygon","coordinates":[[[-98.9201,30.1383],[-98.9177,29.7814],[-98.7783,29.72],[-98.7382,29.7166],[-98.7341,29.7295],[-98.6461,29.7452],[-98.414,29.9376],[-98.5879,30.139],[-98.9201,30.1383]]]}},{"type":"Feature","properties":{"name":"Polk County","fips":"48373"},"geometry":{"type":"Polygon","coordinates":[[[-94.5379,30.4911],[-94.658,31.012],[-94.5621,31.0589],[-94.5619,31.0634],[-94.6484,31.099],[-94.6583,31.0848],[-94.7514,31.1054],[-94.8429,31.1466],[-94.9391,31.042],[-95.2002,30.8246],[-95.1319,30.7832],[-95.1471,30.7174],[-95.1349,30.6933],[-95.1099,30.6942],[-95.115,30.661],[-95.055,30.6803],[-95.0103,30.6567],[-95.0247,30.6485],[-95.0069,30.6081],[-95.0318,30.5973],[-95.0297,30.5791],[-94.8304,30.5416],[-94.8671,30.5114],[-94.8655,30.495],[-94.5379,30.4911]]]}},{"type":"Feature","properties":{"name":"Wharton County","fips":"48481"},"geometry":{"type":"Polygon","coordinates":[[[-96.3092,28.9633],[-95.9652,29.1469],[-95.842,29.2588],[-95.8792,29.2664],[-95.8941,29.3146],[-95.9498,29.3356],[-95.9365,29.3587],[-95.9685,29.3835],[-95.9724,29.4107],[-95.992,29.4339],[-96.0354,29.4431],[-96.0295,29.4522],[-96.0599,29.4735],[-96.0596,29.492],[-96.0223,29.5023],[-96.0542,29.5122],[-96.0564,29.5393],[-96.0412,29.5475],[-96.0598,29.589],[-96.1126,29.6236],[-96.176,29.6335],[-96.3077,29.5145],[-96.3492,29.4061],[-96.6403,29.2478],[-96.3092,28.9633]]]}},{"type":"Feature","properties":{"name":"Floyd County","fips":"48153"},"geometry":{"type":"Polygon","coordinates":[[[-101.5649,34.3125],[-101.5636,33.8305],[-101.0412,33.8336],[-101.0415,34.3124],[-101.5649,34.3125]]]}},{"type":"Feature","properties":{"name":"Grayson County","fips":"48181"},"geometry":{"type":"Polygon","coordinates":[[[-96.9446,33.9492],[-96.9439,33.4164],[-96.3846,33.3978],[-96.3795,33.7258],[-96.4218,33.7752],[-96.501,33.7728],[-96.532,33.824],[-96.5729,33.8191],[-96.6231,33.8415],[-96.629,33.8524],[-96.5855,33.8913],[-96.6283,33.8945],[-96.6599,33.9167],[-96.7081,33.8331],[-96.7662,33.8255],[-96.7835,33.8635],[-96.8282,33.8746],[-96.8561,33.8475],[-96.883,33.868],[-96.901,33.9388],[-96.9207,33.9595],[-96.9446,33.9492]]]}},{"type":"Feature","properties":{"name":"Bailey County","fips":"48017"},"geometry":{"type":"Polygon","coordinates":[[[-103.0438,34.3127],[-103.0474,33.8247],[-102.6154,33.8251],[-102.6152,34.3129],[-103.0438,34.3127]]]}},{"type":"Feature","properties":{"name":"Sherman County","fips":"48421"},"geometry":{"type":"Polygon","coordinates":[[[-102.163,36.0552],[-101.6235,36.0554],[-101.6239,36.4995],[-102.1625,36.5003],[-102.163,36.0552]]]}},{"type":"Feature","properties":{"name":"Uvalde County","fips":"48463"},"geometry":{"type":"Polygon","coordinates":[[[-99.4118,29.6275],[-100.1121,29.6233],[-100.1114,29.0863],[-99.4139,29.0913],[-99.4118,29.6275]]]}},{"type":"Feature","properties":{"name":"Edwards County","fips":"48137"},"geometry":{"type":"Polygon","coordinates":[[[-99.968,30.0779],[-99.7576,30.0741],[-99.7541,30.2907],[-100.7004,30.2883],[-100.6999,29.6239],[-100.0142,29.6235],[-100.0084,29.6371],[-100.0304,29.664],[-100.0174,29.6776],[-100.0637,29.7111],[-100.0248,29.7281],[-100.0364,29.7771],[-100.0134,29.7959],[-100.0348,29.8441],[-100.0235,29.883],[-100.0023,29.8968],[-99.9897,30.0257],[-99.973,30.0246],[-99.968,30.0779]]]}},{"type":"Feature","properties":{"name":"Upshur County","fips":"48459"},"geometry":{"type":"Polygon","coordinates":[[[-95.0116,32.5165],[-94.8202,32.5906],[-94.7461,32.6675],[-94.7018,32.6522],[-94.7021,32.8205],[-94.6724,32.8348],[-94.699,32.8451],[-94.7068,32.8949],[-95.1522,32.9025],[-95.1534,32.5701],[-95.1193,32.5426],[-95.0933,32.5577],[-95.0753,32.5371],[-95.0413,32.5322],[-95.021,32.5467],[-95.0116,32.5165]]]}},{"type":"Feature","properties":{"name":"Lamb County","fips":"48279"},"geometry":{"type":"Polygon","coordinates":[[[-102.6152,34.3129],[-102.6154,33.8251],[-102.0857,33.8247],[-102.0904,34.3131],[-102.6152,34.3129]]]}},{"type":"Feature","properties":{"name":"Austin County","fips":"48015"},"geometry":{"type":"Polygon","coordinates":[[[-96.12,29.8438],[-96.1009,29.8525],[-96.1122,29.8726],[-96.0925,29.8818],[-96.1259,29.8977],[-96.1132,29.9144],[-96.1311,29.9387],[-96.1008,29.9435],[-96.126,29.965],[-96.0928,29.9615],[-96.1045,29.9964],[-96.0845,30.0051],[-96.1459,30.0702],[-96.1658,30.0532],[-96.2891,30.0968],[-96.5188,30.0652],[-96.5941,30.071],[-96.622,30.0443],[-96.5357,29.9073],[-96.4851,29.8673],[-96.4408,29.8536],[-96.4127,29.8247],[-96.3432,29.8296],[-96.3118,29.7564],[-96.2701,29.7166],[-96.2778,29.7001],[-96.2593,29.6689],[-96.1993,29.6565],[-96.1654,29.6265],[-96.1103,29.6229],[-96.0901,29.602],[-96.0248,29.6029],[-96.0148,29.6417],[-96.0332,29.6582],[-96.0168,29.6675],[-96.0598,29.6786],[-96.0173,29.6796],[-96.0228,29.7045],[-96.006,29.7039],[-96.0071,29.7167],[-96.0331,29.7184],[-96.0469,29.801],[-96.1025,29.8097],[-96.0982,29.8267],[-96.12,29.8438]]]}},{"type":"Feature","properties":{"name":"Shelby County","fips":"48419"},"geometry":{"type":"Polygon","coordinates":[[[-93.8733,31.8149],[-93.9006,31.8968],[-93.9221,31.886],[-93.9287,31.9126],[-93.9717,31.9204],[-94.0156,31.9799],[-94.5114,31.974],[-94.5113,31.9241],[-94.4806,31.9023],[-94.4241,31.8002],[-94.4324,31.7752],[-94.4125,31.7464],[-94.4169,31.7061],[-94.3991,31.6536],[-94.0907,31.6206],[-93.9845,31.5694],[-93.8992,31.6117],[-93.8363,31.5857],[-93.8115,31.6474],[-93.8265,31.6669],[-93.7945,31.7033],[-93.8167,31.7079],[-93.8149,31.7287],[-93.8369,31.7502],[-93.8226,31.7736],[-93.8393,31.8003],[-93.8733,31.8149]]]}},{"type":"Feature","properties":{"name":"Hall County","fips":"48191"},"geometry":{"type":"Polygon","coordinates":[[[-100.4159,34.7475],[-100.9449,34.7483],[-100.9461,34.3128],[-100.4178,34.3135],[-100.4159,34.7475]]]}},{"type":"Feature","properties":{"name":"Hood County","fips":"48221"},"geometry":{"type":"Polygon","coordinates":[[[-97.7828,32.3165],[-97.6152,32.3187],[-97.617,32.5555],[-98.0668,32.5588],[-98.0685,32.5116],[-97.9456,32.2335],[-97.7828,32.3165]]]}},{"type":"Feature","properties":{"name":"Freestone County","fips":"48161"},"geometry":{"type":"Polygon","coordinates":[[[-96.2366,31.4134],[-95.7873,31.6184],[-95.7941,31.6603],[-95.7797,31.6846],[-95.7887,31.6923],[-95.8057,31.6711],[-95.8337,31.6951],[-95.862,31.6873],[-95.8809,31.7013],[-95.8666,31.7188],[-95.87,31.7391],[-95.881,31.7351],[-95.8668,31.742],[-95.8747,31.7547],[-95.9836,31.788],[-95.973,31.8199],[-95.9945,31.8441],[-95.9681,31.8725],[-96.0276,31.8779],[-96.0138,31.9109],[-96.0014,31.9082],[-96.0219,31.9573],[-96.0415,31.9449],[-96.0619,31.9554],[-96.0429,31.9628],[-96.0648,31.9807],[-96.049,31.9972],[-96.0548,32.0125],[-96.4967,31.7962],[-96.2366,31.4134]]]}},{"type":"Feature","properties":{"name":"Runnels County","fips":"48399"},"geometry":{"type":"Polygon","coordinates":[[[-100.235,31.5855],[-99.7217,31.5768],[-99.714,32.0821],[-100.2351,32.0824],[-100.235,31.5855]]]}},{"type":"Feature","properties":{"name":"Terrell County","fips":"48443"},"geometry":{"type":"Polygon","coordinates":[[[-102.5671,30.0529],[-102.3208,29.8789],[-102.2652,29.8677],[-102.2615,29.8532],[-102.2469,29.8643],[-102.2235,29.8405],[-102.1865,29.8484],[-102.1796,29.826],[-102.1157,29.7923],[-102.0514,29.785],[-102.0358,29.8041],[-101.9873,29.7968],[-101.9763,29.816],[-101.9575,29.7958],[-101.9356,29.7996],[-101.9293,29.7826],[-101.8527,29.8078],[-101.8237,29.7874],[-101.8178,29.8116],[-101.8036,29.8034],[-101.8081,29.7816],[-101.7609,29.7818],[-101.7584,30.2897],[-101.7154,30.3398],[-101.6589,30.3426],[-101.7003,30.4013],[-101.7406,30.4217],[-101.7201,30.4428],[-101.7318,30.4676],[-101.7021,30.4574],[-101.6889,30.4676],[-101.6797,30.5225],[-101.6465,30.5511],[-101.6635,30.5889],[-101.6524,30.6205],[-101.7116,30.6547],[-101.7607,30.6583],[-102.1378,30.656],[-102.1384,30.5975],[-102.343,30.5988],[-102.3431,30.2841],[-102.5669,30.2833],[-102.5671,30.0529]]]}},{"type":"Feature","properties":{"name":"Deaf Smith County","fips":"48117"},"geometry":{"type":"Polygon","coordinates":[[[-103.043,34.7485],[-102.1688,34.7466],[-102.1675,35.1832],[-103.0425,35.1832],[-103.043,34.7485]]]}},{"type":"Feature","properties":{"name":"Dickens County","fips":"48125"},"geometry":{"type":"Polygon","coordinates":[[[-101.0412,33.8336],[-101.0388,33.3972],[-100.5174,33.3979],[-100.5187,33.8357],[-101.0412,33.8336]]]}},{"type":"Feature","properties":{"name":"La Salle County","fips":"48283"},"geometry":{"type":"Polygon","coordinates":[[[-99.3957,28.6408],[-99.3889,28.0304],[-98.8033,28.0575],[-98.8008,28.6475],[-99.3957,28.6408]]]}},{"type":"Feature","properties":{"name":"Newton County","fips":"48351"},"geometry":{"type":"Polygon","coordinates":[[[-93.9111,31.1581],[-93.8657,30.9472],[-93.9015,30.2427],[-93.707,30.2437],[-93.7051,30.2909],[-93.7424,30.3011],[-93.7658,30.3327],[-93.751,30.3599],[-93.7577,30.3904],[-93.6976,30.4422],[-93.7174,30.4838],[-93.7077,30.5213],[-93.7403,30.5396],[-93.7138,30.5876],[-93.6789,30.5936],[-93.683,30.6413],[-93.6299,30.6799],[-93.6172,30.7186],[-93.6054,30.7172],[-93.6143,30.7602],[-93.5921,30.7637],[-93.5838,30.8018],[-93.5544,30.8235],[-93.5687,30.8442],[-93.5586,30.8694],[-93.5741,30.8845],[-93.526,30.9375],[-93.5318,30.9582],[-93.5735,30.9712],[-93.5643,30.9897],[-93.5782,31.0],[-93.5081,31.0302],[-93.5316,31.0536],[-93.5189,31.0619],[-93.5276,31.0745],[-93.5637,31.0945],[-93.5394,31.1152],[-93.5487,31.1558],[-93.5313,31.1798],[-93.55,31.1866],[-93.588,31.1655],[-93.6002,31.1762],[-93.9111,31.1581]]]}},{"type":"Feature","properties":{"name":"Hockley County","fips":"48219"},"geometry":{"type":"Polygon","coordinates":[[[-102.5948,33.3885],[-102.0759,33.3896],[-102.0857,33.8247],[-102.6154,33.8251],[-102.5948,33.3885]]]}},{"type":"Feature","properties":{"name":"Hutchinson County","fips":"48233"},"geometry":{"type":"Polygon","coordinates":[[[-101.6235,36.0526],[-101.6228,35.6241],[-101.0861,35.6253],[-101.0857,36.0553],[-101.6235,36.0526]]]}},{"type":"Feature","properties":{"name":"Webb County","fips":"48479"},"geometry":{"type":"Polygon","coordinates":[[[-100.2122,28.1968],[-100.0843,28.1448],[-100.0531,28.0847],[-100.0179,28.0648],[-99.9914,27.9946],[-99.9318,27.981],[-99.9371,27.9405],[-99.8935,27.8992],[-99.9044,27.8753],[-99.8772,27.8422],[-99.8768,27.7978],[-99.8509,27.794],[-99.8388,27.7642],[-99.8131,27.774],[-99.7963,27.7356],[-99.7707,27.7321],[-99.7115,27.6584],[-99.6689,27.66],[-99.6661,27.6361],[-99.6389,27.6268],[-99.6243,27.644],[-99.5962,27.6399],[-99.5776,27.6186],[-99.5848,27.6039],[-99.5549,27.6145],[-99.5121,27.5683],[-99.5284,27.4986],[-99.4968,27.5001],[-99.4793,27.4786],[-99.4951,27.4515],[-99.4875,27.4116],[-99.5046,27.3387],[-99.538,27.317],[-99.492,27.3007],[-99.4879,27.2607],[-99.4538,27.2651],[-99.3706,27.3192],[-99.3336,27.2732],[-98.7981,27.268],[-98.8033,28.0575],[-99.3889,28.0304],[-99.3942,28.2046],[-100.2122,28.1968]]]}},{"type":"Feature","properties":{"name":"Donley County","fips":"48129"},"geometry":{"type":"Polygon","coordinates":[[[-101.0908,34.7498],[-100.5407,34.7477],[-100.539,35.1831],[-101.0863,35.1821],[-101.0908,34.7498]]]}},{"type":"Feature","properties":{"name":"Kent County","fips":"48263"},"geometry":{"type":"Polygon","coordinates":[[[-101.0388,33.3972],[-101.0387,32.9702],[-100.5192,32.9629],[-100.5174,33.3979],[-101.0388,33.3972]]]}},{"type":"Feature","properties":{"name":"El Paso County","fips":"48141"},"geometry":{"type":"Polygon","coordinates":[[[-106.6456,31.8964],[-106.6292,31.8837],[-106.6359,31.8662],[-106.6017,31.8444],[-106.6028,31.825],[-106.5471,31.8073],[-106.4912,31.7493],[-106.4521,31.7645],[-106.38,31.7311],[-106.205,31.465],[-106.0792,31.3982],[-105.9972,31.3872],[-105.9543,31.4235],[-105.9593,31.4784],[-105.9933,31.4784],[-105.998,32.0024],[-106.6185,32.0005],[-106.6395,31.9803],[-106.6196,31.9716],[-106.6297,31.9266],[-106.6129,31.9204],[-106.6456,31.8964]]]}},{"type":"Feature","properties":{"name":"Loving County","fips":"48301"},"geometry":{"type":"Polygon","coordinates":[[[-103.9841,31.9934],[-103.9745,31.9792],[-103.9501,31.9868],[-103.9486,31.9545],[-103.9224,31.9425],[-103.9122,31.9024],[-103.8815,31.8911],[-103.8832,31.8663],[-103.8294,31.888],[-103.7972,31.7702],[-103.7831,31.7747],[-103.7457,31.7388],[-103.6912,31.7476],[-103.6691,31.7153],[-103.6264,31.7057],[-103.6208,31.6891],[-103.6354,31.6841],[-103.616,31.6507],[-103.3275,31.6514],[-103.3265,32.0004],[-103.9841,31.9934]]]}},{"type":"Feature","properties":{"name":"Medina County","fips":"48325"},"geometry":{"type":"Polygon","coordinates":[[[-99.4139,29.093],[-98.8049,29.0904],[-98.8066,29.6907],[-98.9272,29.5623],[-98.9714,29.5518],[-98.9859,29.567],[-98.9838,29.6234],[-99.4118,29.6275],[-99.4139,29.093]]]}},{"type":"Feature","properties":{"name":"Guadalupe County","fips":"48187"},"geometry":{"type":"Polygon","coordinates":[[[-98.0847,29.3796],[-97.8404,29.3768],[-97.631,29.6517],[-97.6518,29.654],[-97.6529,29.6679],[-97.6983,29.6667],[-97.7433,29.697],[-97.7384,29.713],[-97.7634,29.713],[-97.7808,29.7591],[-97.8036,29.7537],[-97.8171,29.7904],[-97.8296,29.78],[-97.8464,29.8086],[-97.8367,29.8272],[-97.8637,29.8563],[-98.0899,29.6835],[-98.312,29.5915],[-98.2985,29.5611],[-98.2689,29.5447],[-98.2227,29.549],[-98.2191,29.5239],[-98.1909,29.5096],[-98.1834,29.485],[-98.1702,29.4979],[-98.1646,29.4781],[-98.1226,29.478],[-98.1207,29.4467],[-98.1366,29.4297],[-98.1131,29.3653],[-98.0847,29.3796]]]}},{"type":"Feature","properties":{"name":"Lampasas County","fips":"48281"},"geometry":{"type":"Polygon","coordinates":[[[-97.9071,31.0694],[-98.18,31.4637],[-98.5627,31.2304],[-98.5696,31.2033],[-98.5394,31.1925],[-98.543,31.1749],[-98.504,31.1656],[-98.5477,31.1284],[-98.5265,31.0901],[-98.4989,31.1185],[-98.4556,31.1109],[-98.4705,31.0944],[-98.4564,31.0787],[-98.484,31.063],[-98.4397,31.0296],[-97.9117,31.035],[-97.9071,31.0694]]]}},{"type":"Feature","properties":{"name":"Goliad County","fips":"48175"},"geometry":{"type":"Polygon","coordinates":[[[-97.1678,28.7284],[-97.1784,28.7381],[-97.1606,28.7826],[-97.1902,28.8125],[-97.2035,28.8544],[-97.2342,28.8653],[-97.235,28.8541],[-97.3005,28.8441],[-97.3115,28.8783],[-97.4173,28.9252],[-97.7785,28.668],[-97.7316,28.6281],[-97.6966,28.5415],[-97.6463,28.5209],[-97.563,28.5164],[-97.5515,28.4505],[-97.5208,28.4464],[-97.5179,28.432],[-97.4852,28.4364],[-97.4464,28.4029],[-97.4283,28.4129],[-97.3756,28.3887],[-97.1608,28.5535],[-97.1538,28.5698],[-97.1824,28.6106],[-97.1678,28.7284]]]}},{"type":"Feature","properties":{"name":"Roberts County","fips":"48393"},"geometry":{"type":"Polygon","coordinates":[[[-101.0857,36.0576],[-101.0859,35.6191],[-100.5402,35.6193],[-100.5402,36.0565],[-101.0857,36.0576]]]}},{"type":"Feature","properties":{"name":"Eastland County","fips":"48133"},"geometry":{"type":"Polygon","coordinates":[[[-98.9244,32.078],[-98.4747,32.2991],[-98.4752,32.513],[-99.1143,32.5148],[-99.1187,32.0796],[-98.9244,32.078]]]}},{"type":"Feature","properties":{"name":"DeWitt County","fips":"48123"},"geometry":{"type":"Polygon","coordinates":[[[-97.3059,28.864],[-96.9764,29.104],[-97.2401,29.3845],[-97.7551,29.0071],[-97.5746,28.8133],[-97.4173,28.9252],[-97.34,28.8956],[-97.3059,28.864]]]}},{"type":"Feature","properties":{"name":"Angelina County","fips":"48005"},"geometry":{"type":"Polygon","coordinates":[[[-94.4729,31.0261],[-94.1303,31.1051],[-94.1786,31.124],[-94.219,31.1733],[-94.2622,31.1803],[-94.3126,31.2237],[-94.3344,31.2228],[-94.3952,31.3019],[-94.4477,31.3178],[-94.4695,31.3838],[-94.5028,31.4108],[-94.5376,31.3986],[-94.5449,31.4317],[-94.5815,31.4332],[-94.5884,31.4476],[-94.6279,31.4389],[-94.6644,31.4596],[-94.6955,31.4517],[-94.8039,31.4905],[-94.8228,31.4839],[-94.8659,31.5269],[-95.0049,31.424],[-94.9497,31.3815],[-94.9578,31.3428],[-94.8971,31.3236],[-94.8947,31.2917],[-94.8767,31.2834],[-94.8977,31.258],[-94.8605,31.235],[-94.8566,31.1501],[-94.7514,31.1054],[-94.6583,31.0848],[-94.6484,31.099],[-94.5989,31.0686],[-94.4918,31.0449],[-94.4729,31.0261]]]}},{"type":"Feature","properties":{"name":"McLennan County","fips":"48309"},"geometry":{"type":"Polygon","coordinates":[[[-97.3434,31.2442],[-96.8011,31.5223],[-97.0373,31.8631],[-97.6052,31.5878],[-97.4186,31.3202],[-97.3434,31.2442]]]}},{"type":"Feature","properties":{"name":"Smith County","fips":"48423"},"geometry":{"type":"Polygon","coordinates":[[[-95.4599,32.1356],[-94.9853,32.138],[-94.9869,32.5372],[-95.0116,32.5165],[-95.021,32.5467],[-95.0413,32.5322],[-95.0753,32.5371],[-95.0933,32.5577],[-95.1193,32.5426],[-95.1501,32.5723],[-95.165,32.5446],[-95.1758,32.5554],[-95.1835,32.541],[-95.205,32.5724],[-95.2382,32.5606],[-95.2503,32.5777],[-95.2781,32.5716],[-95.3459,32.6093],[-95.3752,32.5974],[-95.4467,32.6137],[-95.4747,32.6061],[-95.5945,32.687],[-95.5943,32.4799],[-95.4491,32.3595],[-95.4587,32.3284],[-95.447,32.2958],[-95.4887,32.2325],[-95.4625,32.2015],[-95.4779,32.1462],[-95.4599,32.1356]]]}},{"type":"Feature","properties":{"name":"Robertson County","fips":"48395"},"geometry":{"type":"Polygon","coordinates":[[[-96.8311,31.1023],[-96.8093,31.0805],[-96.8203,31.061],[-96.7916,31.0651],[-96.7682,31.0489],[-96.7797,31.0334],[-96.7713,31.0021],[-96.7464,30.9996],[-96.7724,30.9691],[-96.7569,30.9279],[-96.7262,30.8985],[-96.6849,30.906],[-96.6972,30.8984],[-96.6822,30.882],[-96.6949,30.8645],[-96.6413,30.8181],[-96.6483,30.781],[-96.6252,30.7808],[-96.6125,30.7587],[-96.6329,30.7413],[-96.567,30.6957],[-96.4576,30.7445],[-96.3495,30.9113],[-96.241,30.9737],[-96.2351,30.9952],[-96.2605,31.0065],[-96.2416,31.0571],[-96.2775,31.0877],[-96.2971,31.1814],[-96.3311,31.2522],[-96.3138,31.271],[-96.328,31.2865],[-96.3192,31.3571],[-96.8311,31.1023]]]}},{"type":"Feature","properties":{"name":"Gillespie County","fips":"48171"},"geometry":{"type":"Polygon","coordinates":[[[-99.301,30.1343],[-98.5879,30.139],[-98.5917,30.4999],[-99.304,30.4998],[-99.301,30.1343]]]}},{"type":"Feature","properties":{"name":"Falls County","fips":"48145"},"geometry":{"type":"Polygon","coordinates":[[[-97.0701,30.986],[-96.5969,31.2209],[-96.8011,31.5223],[-97.2781,31.2798],[-97.0701,30.986]]]}},{"type":"Feature","properties":{"name":"Knox County","fips":"48275"},"geometry":{"type":"Polygon","coordinates":[[[-99.991,33.3974],[-99.4724,33.399],[-99.4757,33.7525],[-99.5198,33.7682],[-99.5249,33.7838],[-99.5458,33.7806],[-99.5445,33.7955],[-99.5776,33.8027],[-99.5821,33.7844],[-99.599,33.7874],[-99.6345,33.8027],[-99.6361,33.8172],[-99.6639,33.8081],[-99.6853,33.8273],[-99.6995,33.8004],[-99.7223,33.8144],[-99.7255,33.7974],[-99.7396,33.8117],[-99.7584,33.8035],[-99.7582,33.8239],[-99.8326,33.8174],[-99.8351,33.8358],[-99.9964,33.836],[-99.991,33.3974]]]}},{"type":"Feature","properties":{"name":"Dallam County","fips":"48111"},"geometry":{"type":"Polygon","coordinates":[[[-103.0417,36.4969],[-103.0411,36.0552],[-102.163,36.0552],[-102.1625,36.5003],[-103.0417,36.4969]]]}},{"type":"Feature","properties":{"name":"Bastrop County","fips":"48021"},"geometry":{"type":"Polygon","coordinates":[[[-97.4911,30.2124],[-97.6494,30.0679],[-97.3158,29.7865],[-97.0245,30.0514],[-97.0818,30.2594],[-97.1996,30.3378],[-97.3695,30.4196],[-97.4911,30.2124]]]}},{"type":"Feature","properties":{"name":"Blanco County","fips":"48031"},"geometry":{"type":"Polygon","coordinates":[[[-98.5917,30.4999],[-98.5879,30.139],[-98.414,29.9376],[-98.2976,30.038],[-98.173,30.3562],[-98.1256,30.4262],[-98.4115,30.5021],[-98.5917,30.4999]]]}},{"type":"Feature","properties":{"name":"Lamar County","fips":"48277"},"geometry":{"type":"Polygon","coordinates":[[[-95.8551,33.8279],[-95.8536,33.4592],[-95.7614,33.4955],[-95.6818,33.4703],[-95.6037,33.4847],[-95.5908,33.469],[-95.5622,33.4759],[-95.5268,33.4459],[-95.4817,33.4525],[-95.397,33.399],[-95.3081,33.3781],[-95.3144,33.8816],[-95.4404,33.8663],[-95.4633,33.8724],[-95.4614,33.8871],[-95.505,33.8759],[-95.5095,33.8976],[-95.5441,33.8806],[-95.5542,33.927],[-95.5941,33.9431],[-95.6328,33.9048],[-95.6655,33.909],[-95.7006,33.8858],[-95.7522,33.8946],[-95.7582,33.8494],[-95.8156,33.8599],[-95.822,33.8386],[-95.8551,33.8279]]]}},{"type":"Feature","properties":{"name":"Leon County","fips":"48289"},"geometry":{"type":"Polygon","coordinates":[[[-95.9888,31.0862],[-95.7644,31.0942],[-95.7756,31.1361],[-95.728,31.162],[-95.7479,31.2083],[-95.725,31.2301],[-95.7252,31.2711],[-95.6951,31.297],[-95.6811,31.2886],[-95.6717,31.3172],[-95.6572,31.318],[-95.6575,31.3435],[-95.6774,31.3468],[-95.6644,31.3647],[-95.7008,31.3939],[-95.7121,31.4558],[-95.7468,31.4582],[-95.7218,31.4728],[-95.745,31.491],[-95.737,31.5185],[-95.7587,31.5336],[-95.7511,31.552],[-95.7157,31.554],[-95.7295,31.5835],[-95.71,31.6147],[-95.7357,31.6538],[-95.7568,31.6456],[-95.7487,31.6177],[-95.7614,31.5996],[-95.7873,31.6184],[-96.3229,31.3741],[-96.3147,31.3424],[-96.328,31.2865],[-96.3138,31.271],[-96.3311,31.2522],[-96.2971,31.1814],[-96.2775,31.0877],[-96.2416,31.0571],[-96.2608,31.0078],[-96.2352,30.9956],[-96.241,30.9737],[-95.9888,31.0862]]]}},{"type":"Feature","properties":{"name":"Stonewall County","fips":"48433"},"geometry":{"type":"Polygon","coordinates":[[[-100.5174,33.3979],[-100.5192,32.9629],[-99.9888,32.9601],[-99.991,33.3974],[-100.5174,33.3979]]]}},{"type":"Feature","properties":{"name":"McMullen County","fips":"48311"},"geometry":{"type":"Polygon","coordinates":[[[-98.8033,28.0576],[-98.3343,28.0578],[-98.335,28.6483],[-98.8008,28.6473],[-98.8033,28.0576]]]}},{"type":"Feature","properties":{"name":"Rockwall County","fips":"48397"},"geometry":{"type":"Polygon","coordinates":[[[-96.2974,32.8142],[-96.2972,32.9818],[-96.517,32.9829],[-96.519,32.8136],[-96.2974,32.8142]]]}},{"type":"Feature","properties":{"name":"Duval County","fips":"48131"},"geometry":{"type":"Polygon","coordinates":[[[-98.2325,27.2625],[-98.2355,28.058],[-98.8033,28.0575],[-98.7983,27.354],[-98.625,27.3577],[-98.6249,27.3381],[-98.5895,27.3382],[-98.5895,27.3587],[-98.5526,27.3591],[-98.5524,27.3438],[-98.5223,27.3433],[-98.5233,27.2651],[-98.2325,27.2625]]]}},{"type":"Feature","properties":{"name":"Johnson County","fips":"48251"},"geometry":{"type":"Polygon","coordinates":[[[-97.476,32.1817],[-97.087,32.2653],[-97.0871,32.5493],[-97.617,32.5555],[-97.6151,32.2035],[-97.5896,32.1909],[-97.6021,32.1761],[-97.5734,32.1803],[-97.5687,32.1505],[-97.5143,32.1338],[-97.5118,32.1619],[-97.476,32.1817]]]}},{"type":"Feature","properties":{"name":"Childress County","fips":"48075"},"geometry":{"type":"Polygon","coordinates":[[[-100.4159,34.7475],[-100.4178,34.3135],[-99.9977,34.3118],[-100.0004,34.7464],[-100.4159,34.7475]]]}},{"type":"Feature","properties":{"name":"Jeff Davis County","fips":"48243"},"geometry":{"type":"Polygon","coordinates":[[[-104.9796,30.6294],[-103.901,30.4122],[-103.8007,30.4125],[-103.44,30.6659],[-104.1024,31.1052],[-104.9796,30.6294]]]}},{"type":"Feature","properties":{"name":"Irion County","fips":"48235"},"geometry":{"type":"Polygon","coordinates":[[[-101.2679,31.5287],[-101.2748,31.0794],[-100.6888,31.0866],[-100.6931,31.524],[-101.2679,31.5287]]]}},{"type":"Feature","properties":{"name":"Delta County","fips":"48119"},"geometry":{"type":"Polygon","coordinates":[[[-95.7581,33.2969],[-95.6443,33.3123],[-95.5844,33.3594],[-95.5143,33.3462],[-95.4562,33.3684],[-95.3359,33.3614],[-95.3142,33.3672],[-95.307,33.3798],[-95.397,33.399],[-95.4817,33.4525],[-95.5268,33.4459],[-95.5622,33.4759],[-95.5908,33.469],[-95.6037,33.4847],[-95.6818,33.4703],[-95.7614,33.4955],[-95.8266,33.4591],[-95.8577,33.4617],[-95.8618,33.2193],[-95.7867,33.254],[-95.7581,33.2969]]]}},{"type":"Feature","properties":{"name":"Zavala County","fips":"48507"},"geometry":{"type":"Polygon","coordinates":[[[-100.1114,29.0863],[-100.1143,28.6481],[-99.409,28.6406],[-99.4139,29.0913],[-100.1114,29.0863]]]}},{"type":"Feature","properties":{"name":"Taylor County","fips":"48441"},"geometry":{"type":"Polygon","coordinates":[[[-99.6314,32.0813],[-99.6296,32.5207],[-100.1465,32.5228],[-100.1519,32.0826],[-99.6314,32.0813]]]}},{"type":"Feature","properties":{"name":"Erath County","fips":"48143"},"geometry":{"type":"Polygon","coordinates":[[[-98.4752,32.513],[-98.4747,32.2991],[-98.5512,32.2614],[-98.3275,31.9413],[-98.2512,31.9801],[-98.2084,31.9175],[-97.8649,32.0873],[-98.0685,32.5116],[-98.4752,32.513]]]}},{"type":"Feature","properties":{"name":"Franklin County","fips":"48159"},"geometry":{"type":"Polygon","coordinates":[[[-95.3086,33.3772],[-95.309,32.9626],[-95.1729,32.9618],[-95.1536,33.0124],[-95.1261,33.0346],[-95.1255,33.3895],[-95.2415,33.3678],[-95.3086,33.3772]]]}},{"type":"Feature","properties":{"name":"Concho County","fips":"48095"},"geometry":{"type":"Polygon","coordinates":[[[-100.1112,31.5803],[-100.1152,31.088],[-99.6032,31.0873],[-99.6019,31.492],[-99.6228,31.5006],[-99.608,31.4781],[-99.6254,31.4674],[-99.6526,31.4965],[-99.6774,31.4977],[-99.6531,31.5291],[-99.692,31.5329],[-99.6717,31.5531],[-99.6919,31.5547],[-99.7066,31.5771],[-99.7147,31.5603],[-99.7217,31.5768],[-100.1112,31.5803]]]}},{"type":"Feature","properties":{"name":"Coke County","fips":"48081"},"geometry":{"type":"Polygon","coordinates":[[[-100.8254,31.6982],[-100.2358,31.693],[-100.2351,32.0824],[-100.8216,32.0866],[-100.8254,31.6982]]]}},{"type":"Feature","properties":{"name":"Sterling County","fips":"48431"},"geometry":{"type":"Polygon","coordinates":[[[-101.2677,31.5611],[-100.8653,31.5623],[-100.8611,31.7054],[-100.8254,31.6962],[-100.8216,32.0866],[-101.2642,32.0871],[-101.2677,31.5611]]]}},{"type":"Feature","properties":{"name":"Winkler County","fips":"48495"},"geometry":{"type":"Polygon","coordinates":[[[-103.3275,31.6613],[-102.7989,31.6518],[-102.7991,32.0858],[-103.0645,32.0871],[-103.0645,32.0004],[-103.3269,32.0001],[-103.3275,31.6613]]]}},{"type":"Feature","properties":{"name":"Hansford County","fips":"48195"},"geometry":{"type":"Polygon","coordinates":[[[-101.6239,36.4995],[-101.6235,36.0554],[-101.0857,36.0553],[-101.0852,36.4992],[-101.6239,36.4995]]]}},{"type":"Feature","properties":{"name":"Chambers County","fips":"48071"},"geometry":{"type":"Polygon","coordinates":[[[-94.4098,29.5967],[-94.3716,29.5972],[-94.3694,29.5006],[-94.3549,29.5063],[-94.358,29.8875],[-94.9815,29.8843],[-94.9085,29.8151],[-94.9242,29.7959],[-94.9134,29.7667],[-94.9455,29.7171],[-94.9158,29.6986],[-94.9204,29.6858],[-94.9303,29.6737],[-94.9697,29.6828],[-95.0161,29.6383],[-94.9826,29.6018],[-95.0182,29.5546],[-94.9861,29.5151],[-94.9098,29.4964],[-94.8252,29.5191],[-94.7932,29.5511],[-94.7558,29.5245],[-94.559,29.5746],[-94.5181,29.5412],[-94.4226,29.5663],[-94.4098,29.5967]]]}},{"type":"Feature","properties":{"name":"Randall County","fips":"48381"},"geometry":{"type":"Polygon","coordinates":[[[-102.1675,35.1832],[-102.1688,34.7474],[-101.6293,34.7476],[-101.6229,35.1831],[-102.1675,35.1832]]]}},{"type":"Feature","properties":{"name":"Rusk County","fips":"48401"},"geometry":{"type":"Polygon","coordinates":[[[-94.986,32.364],[-94.985,31.8462],[-94.4525,31.8441],[-94.4806,31.9023],[-94.5113,31.9241],[-94.5114,31.974],[-94.6,31.9732],[-94.6016,32.08],[-94.5803,32.2025],[-94.5265,32.2781],[-94.4918,32.3941],[-94.5154,32.3871],[-94.5557,32.4075],[-94.6008,32.36],[-94.6397,32.3708],[-94.986,32.364]]]}},{"type":"Feature","properties":{"name":"Lee County","fips":"48287"},"geometry":{"type":"Polygon","coordinates":[[[-97.3331,30.4032],[-97.0818,30.2594],[-97.0192,30.032],[-96.8459,30.116],[-96.7416,30.1973],[-96.732,30.2437],[-96.6856,30.2489],[-96.6406,30.2962],[-96.6678,30.2972],[-96.6947,30.3202],[-96.7437,30.3198],[-96.7876,30.3891],[-96.8707,30.4355],[-96.8749,30.4577],[-96.8998,30.4603],[-96.8959,30.4892],[-96.9189,30.5392],[-96.9636,30.5572],[-97.1552,30.4573],[-97.3331,30.4032]]]}},{"type":"Feature","properties":{"name":"Cherokee County","fips":"48073"},"geometry":{"type":"Polygon","coordinates":[[[-95.4622,32.129],[-95.4238,32.0823],[-95.4385,32.066],[-95.4222,32.0423],[-95.4387,32.0333],[-95.4241,32.0189],[-95.4529,31.9768],[-95.4458,31.9461],[-95.4202,31.9264],[-95.4469,31.8432],[-95.4008,31.8186],[-95.4021,31.7616],[-95.3582,31.7493],[-95.3664,31.7268],[-95.3354,31.7349],[-95.3425,31.718],[-95.2832,31.6764],[-95.2879,31.6329],[-95.2619,31.6196],[-95.2753,31.5947],[-95.2603,31.5771],[-95.2085,31.5702],[-95.1685,31.5837],[-95.1396,31.5628],[-95.1434,31.5396],[-95.1,31.5189],[-95.0944,31.4987],[-95.1111,31.4838],[-95.1007,31.4683],[-95.0647,31.4713],[-95.0452,31.4451],[-95.0073,31.4446],[-95.0033,31.4257],[-94.8659,31.5269],[-94.9006,31.5526],[-94.8917,31.5779],[-94.9242,31.5795],[-94.9652,31.6939],[-94.9544,31.7232],[-94.9728,31.7376],[-94.9673,31.7541],[-94.9261,31.7603],[-94.9782,31.7934],[-94.9539,31.797],[-94.9346,31.8346],[-94.9375,31.8456],[-94.985,31.8462],[-94.9853,32.138],[-95.4622,32.129]]]}},{"type":"Feature","properties":{"name":"Jefferson County","fips":"48245"},"geometry":{"type":"Polygon","coordinates":[[[-93.9113,29.8291],[-93.8544,29.8651],[-93.8439,29.9548],[-93.8602,29.9774],[-93.9818,30.0089],[-93.9831,30.0218],[-93.9968,30.0131],[-94.001,30.031],[-94.0309,30.0264],[-94.0275,30.066],[-94.0929,30.083],[-94.0743,30.1165],[-94.1081,30.1354],[-94.1198,30.1654],[-94.2063,30.1884],[-94.2372,30.1647],[-94.2755,30.1703],[-94.2792,30.1319],[-94.3008,30.114],[-94.4012,30.0972],[-94.4447,30.1135],[-94.4422,29.8871],[-94.358,29.8875],[-94.3549,29.5063],[-94.0336,29.625],[-93.875,29.6214],[-93.8144,29.5966],[-93.8374,29.6899],[-93.9265,29.7896],[-93.9113,29.8291]]]}},{"type":"Feature","properties":{"name":"Lipscomb County","fips":"48295"},"geometry":{"type":"Polygon","coordinates":[[[-100.0004,36.0557],[-100.0004,36.4997],[-100.5461,36.4993],[-100.5467,36.0565],[-100.0004,36.0557]]]}},{"type":"Feature","properties":{"name":"Jasper County","fips":"48241"},"geometry":{"type":"Polygon","coordinates":[[[-94.4602,31.0312],[-94.4423,31.03],[-94.4503,31.0031],[-94.3534,31.0395],[-94.3242,31.0201],[-94.2926,31.0429],[-94.2812,31.0184],[-94.2381,31.0134],[-94.245,30.9668],[-94.2279,30.9578],[-94.2286,30.9397],[-94.1995,30.9288],[-94.2159,30.9015],[-94.1899,30.872],[-94.201,30.8635],[-94.1801,30.8343],[-94.1815,30.7974],[-94.1501,30.7902],[-94.133,30.7652],[-94.1258,30.6841],[-94.0901,30.6876],[-94.0864,30.6573],[-94.0742,30.6678],[-94.0531,30.649],[-94.053,30.6294],[-94.0758,30.618],[-94.0959,30.5768],[-94.067,30.5319],[-94.1194,30.4263],[-94.0829,30.3457],[-94.1178,30.3006],[-94.1141,30.2635],[-94.0964,30.2584],[-94.1186,30.2429],[-93.9015,30.2427],[-93.8657,30.9472],[-93.9111,31.1581],[-94.039,31.1343],[-94.0566,31.1117],[-94.4602,31.0312]]]}},{"type":"Feature","properties":{"name":"Orange County","fips":"48361"},"geometry":{"type":"Polygon","coordinates":[[[-93.7894,29.9878],[-93.7179,30.0656],[-93.6995,30.0586],[-93.7341,30.0861],[-93.6882,30.1414],[-93.7095,30.1467],[-93.7,30.1755],[-93.7212,30.2092],[-93.7068,30.2437],[-94.1176,30.2417],[-94.1178,30.2159],[-94.0912,30.2046],[-94.111,30.1867],[-94.1135,30.1483],[-94.0737,30.1141],[-94.0938,30.0839],[-94.0275,30.066],[-94.0295,30.0255],[-94.001,30.031],[-93.9968,30.0131],[-93.9831,30.0218],[-93.9818,30.0089],[-93.859,29.9765],[-93.8388,29.9369],[-93.8544,29.8651],[-93.7894,29.9878]]]}},{"type":"Feature","properties":{"name":"Henderson County","fips":"48213"},"geometry":{"type":"Polygon","coordinates":[[[-96.0528,32.0059],[-95.4285,32.0845],[-95.4786,32.1472],[-95.4625,32.2015],[-95.4887,32.2323],[-95.447,32.2958],[-95.4587,32.3284],[-95.4489,32.355],[-96.4536,32.358],[-96.4302,32.3322],[-96.3908,32.3339],[-96.2987,32.3012],[-96.2851,32.2546],[-96.2351,32.2509],[-96.1907,32.2026],[-96.1465,32.2117],[-96.1758,32.1682],[-96.1043,32.1524],[-96.1177,32.0946],[-96.1068,32.0754],[-96.0657,32.0855],[-96.0528,32.0059]]]}},{"type":"Feature","properties":{"name":"Walker County","fips":"48471"},"geometry":{"type":"Polygon","coordinates":[[[-95.6298,30.8999],[-95.7165,30.9114],[-95.8295,30.8621],[-95.8631,30.8643],[-95.8302,30.6303],[-95.599,30.509],[-95.3592,30.5044],[-95.3275,30.8595],[-95.344,30.8758],[-95.354,30.8562],[-95.3984,30.8597],[-95.3994,30.8815],[-95.3809,30.8862],[-95.4155,30.9079],[-95.4114,30.931],[-95.4343,30.9374],[-95.4348,31.0581],[-95.6179,30.9304],[-95.612,30.9176],[-95.6298,30.8999]]]}},{"type":"Feature","properties":{"name":"Reeves County","fips":"48389"},"geometry":{"type":"Polygon","coordinates":[[[-104.1023,31.1053],[-103.5851,30.7665],[-103.0104,31.377],[-103.0578,31.3853],[-103.0675,31.3651],[-103.1358,31.3643],[-103.2449,31.3894],[-103.2617,31.4276],[-103.33,31.4119],[-103.381,31.4169],[-103.399,31.4339],[-103.4621,31.4297],[-103.4891,31.456],[-103.4809,31.4752],[-103.5038,31.5063],[-103.4953,31.5495],[-103.5152,31.5792],[-103.5094,31.6259],[-103.5314,31.6425],[-103.5728,31.6323],[-103.6162,31.6508],[-103.6354,31.6841],[-103.6208,31.6891],[-103.6257,31.705],[-103.6691,31.7153],[-103.6912,31.7476],[-103.7457,31.7388],[-103.7831,31.7747],[-103.7972,31.7702],[-103.8297,31.8884],[-103.8818,31.8653],[-103.8815,31.8911],[-103.9122,31.9024],[-103.9224,31.9425],[-103.9486,31.9545],[-103.9501,31.9868],[-103.9745,31.9792],[-103.9802,32.0001],[-104.0245,32.0001],[-104.1023,31.1053]]]}},{"type":"Feature","properties":{"name":"Nueces County","fips":"48355"},"geometry":{"type":"Polygon","coordinates":[[[-97.3252,27.5609],[-97.2421,27.5829],[-97.1651,27.5683],[-97.0467,27.755],[-96.9843,27.8038],[-97.0653,27.8519],[-97.0572,27.8654],[-97.0957,27.9578],[-97.187,27.8255],[-97.1607,27.8432],[-97.1846,27.8257],[-97.2013,27.8211],[-97.2453,27.8361],[-97.2227,27.8319],[-97.2216,27.8543],[-97.2687,27.8813],[-97.3548,27.8503],[-97.3377,27.8832],[-97.4459,27.8654],[-97.4593,27.8783],[-97.4603,27.862],[-97.4808,27.8598],[-97.495,27.8823],[-97.5198,27.8611],[-97.4903,27.8465],[-97.4892,27.8388],[-97.5443,27.8589],[-97.5919,27.857],[-97.627,27.8954],[-97.6382,27.8656],[-97.6753,27.8825],[-97.6911,27.9174],[-97.736,27.9119],[-97.73,27.9233],[-97.763,27.9235],[-97.7786,27.9475],[-97.8065,27.9344],[-97.8176,27.9705],[-97.7985,27.9957],[-97.9343,27.8852],[-97.9421,27.6359],[-97.8886,27.6202],[-97.8407,27.5584],[-97.3252,27.5609]]]}},{"type":"Feature","properties":{"name":"Camp County","fips":"48063"},"geometry":{"type":"Polygon","coordinates":[[[-95.1521,32.9026],[-94.8752,32.9026],[-94.7199,32.9046],[-94.7709,32.9274],[-94.7865,32.9594],[-94.9169,33.0453],[-94.927,33.0707],[-94.9798,33.0774],[-95.0403,33.0723],[-95.1522,33.0134],[-95.1521,32.9026]]]}},{"type":"Feature","properties":{"name":"Culberson County","fips":"48109"},"geometry":{"type":"Polygon","coordinates":[[[-104.9187,32.0001],[-104.9172,30.6636],[-104.1024,31.1052],[-104.0245,32.0001],[-104.9187,32.0001]]]}},{"type":"Feature","properties":{"name":"Atascosa County","fips":"48013"},"geometry":{"type":"Polygon","coordinates":[[[-98.335,28.6127],[-98.0983,28.7869],[-98.4073,29.1144],[-98.8048,29.2507],[-98.8008,28.6473],[-98.335,28.6483],[-98.335,28.6127]]]}},{"type":"Feature","properties":{"name":"Potter County","fips":"48375"},"geometry":{"type":"Polygon","coordinates":[[[-102.1675,35.1844],[-101.6229,35.1831],[-101.6228,35.6202],[-102.1628,35.62],[-102.1675,35.1844]]]}},{"type":"Feature","properties":{"name":"Caldwell County","fips":"48055"},"geometry":{"type":"Polygon","coordinates":[[[-97.6537,30.0716],[-97.8939,29.8837],[-97.8991,29.8574],[-97.8473,29.8424],[-97.8296,29.78],[-97.8171,29.7904],[-97.8036,29.7537],[-97.7808,29.7591],[-97.7637,29.7134],[-97.7368,29.711],[-97.7433,29.697],[-97.6978,29.6665],[-97.6526,29.6678],[-97.618,29.6334],[-97.6039,29.6418],[-97.5977,29.6307],[-97.3158,29.7865],[-97.6537,30.0716]]]}},{"type":"Feature","properties":{"name":"Hopkins County","fips":"48223"},"geometry":{"type":"Polygon","coordinates":[[[-95.8625,32.9796],[-95.309,32.9626],[-95.3086,33.3772],[-95.3449,33.3603],[-95.4562,33.3684],[-95.5143,33.3462],[-95.5869,33.3587],[-95.6501,33.31],[-95.7581,33.2969],[-95.7867,33.254],[-95.8618,33.2193],[-95.8625,32.9796]]]}},{"type":"Feature","properties":{"name":"Houston County","fips":"48225"},"geometry":{"type":"Polygon","coordinates":[[[-95.6387,30.9267],[-94.9581,31.3869],[-95.0054,31.4209],[-95.0073,31.4446],[-95.0452,31.4451],[-95.0651,31.4715],[-95.1007,31.4683],[-95.1111,31.4838],[-95.0944,31.4987],[-95.1,31.5189],[-95.1434,31.5396],[-95.1396,31.5628],[-95.1685,31.5837],[-95.2085,31.5702],[-95.2552,31.5748],[-95.2732,31.5929],[-95.4932,31.5649],[-95.6518,31.5418],[-95.6472,31.527],[-95.7432,31.5006],[-95.7219,31.4719],[-95.7468,31.4582],[-95.7121,31.4558],[-95.7008,31.3939],[-95.6649,31.3655],[-95.6774,31.3468],[-95.6575,31.3435],[-95.6561,31.3222],[-95.6717,31.3172],[-95.6714,31.2956],[-95.6951,31.297],[-95.7252,31.2711],[-95.725,31.2301],[-95.7479,31.2083],[-95.728,31.162],[-95.7742,31.1383],[-95.777,31.1207],[-95.7606,31.0889],[-95.6635,31.0839],[-95.63,31.0517],[-95.6314,31.0368],[-95.6688,31.0269],[-95.6584,31.0163],[-95.6813,30.9875],[-95.6387,30.9267]]]}},{"type":"Feature","properties":{"name":"Bexar County","fips":"48029"},"geometry":{"type":"Polygon","coordinates":[[[-98.4073,29.1144],[-98.1207,29.4466],[-98.1226,29.478],[-98.1646,29.4781],[-98.1702,29.4979],[-98.1851,29.4861],[-98.2335,29.5548],[-98.2585,29.5549],[-98.2552,29.5404],[-98.2985,29.5611],[-98.3122,29.6018],[-98.3453,29.6183],[-98.3429,29.6536],[-98.3843,29.6764],[-98.3802,29.7039],[-98.3413,29.7096],[-98.3526,29.7344],[-98.3751,29.7199],[-98.4075,29.7487],[-98.4383,29.7156],[-98.4458,29.7358],[-98.5265,29.7404],[-98.5505,29.7607],[-98.5825,29.7412],[-98.6435,29.7404],[-98.6513,29.754],[-98.7341,29.7295],[-98.7382,29.7166],[-98.7788,29.7202],[-98.8066,29.6907],[-98.8048,29.2507],[-98.4073,29.1144]]]}},{"type":"Feature","properties":{"name":"Mills County","fips":"48333"},"geometry":{"type":"Polygon","coordinates":[[[-98.9951,31.4674],[-98.965,31.4533],[-98.966,31.4351],[-98.941,31.4586],[-98.9252,31.434],[-98.871,31.4437],[-98.8468,31.4106],[-98.7766,31.4139],[-98.7779,31.3771],[-98.753,31.3852],[-98.7425,31.4284],[-98.7245,31.4274],[-98.7284,31.4112],[-98.6966,31.4073],[-98.6928,31.3891],[-98.7124,31.3472],[-98.6966,31.3394],[-98.6535,31.37],[-98.6364,31.3529],[-98.6476,31.3149],[-98.5873,31.3255],[-98.5982,31.287],[-98.6283,31.2741],[-98.5957,31.2531],[-98.5798,31.2654],[-98.5627,31.2304],[-98.2668,31.4105],[-98.4928,31.7236],[-98.7601,31.6879],[-98.78,31.6107],[-98.9916,31.4847],[-98.9951,31.4674]]]}},{"type":"Feature","properties":{"name":"Oldham County","fips":"48359"},"geometry":{"type":"Polygon","coordinates":[[[-103.0425,35.1832],[-102.1675,35.1832],[-102.1628,35.6275],[-103.0417,35.6225],[-103.0425,35.1832]]]}},{"type":"Feature","properties":{"name":"Scurry County","fips":"48415"},"geometry":{"type":"Polygon","coordinates":[[[-101.1734,32.9636],[-101.1746,32.5277],[-100.6606,32.5253],[-100.6559,32.9635],[-101.1734,32.9636]]]}},{"type":"Feature","properties":{"name":"Bee County","fips":"48025"},"geometry":{"type":"Polygon","coordinates":[[[-98.0898,28.663],[-97.8088,28.1834],[-97.8175,28.1767],[-97.5676,28.1297],[-97.3756,28.3887],[-97.4283,28.4129],[-97.4464,28.4029],[-97.4852,28.4364],[-97.5179,28.432],[-97.5208,28.4464],[-97.5515,28.4505],[-97.563,28.5164],[-97.6463,28.5209],[-97.6966,28.5415],[-97.7321,28.6288],[-97.7879,28.6758],[-97.8253,28.6703],[-97.9151,28.7196],[-98.0898,28.663]]]}},{"type":"Feature","properties":{"name":"Frio County","fips":"48163"},"geometry":{"type":"Polygon","coordinates":[[[-98.8008,28.6475],[-98.8049,29.0904],[-99.4139,29.0913],[-99.409,28.6406],[-98.8008,28.6475]]]}},{"type":"Feature","properties":{"name":"Titus County","fips":"48449"},"geometry":{"type":"Polygon","coordinates":[[[-95.1255,33.3895],[-95.1261,33.0346],[-95.0984,33.035],[-95.0403,33.0723],[-94.9391,33.0745],[-94.8198,32.9829],[-94.8122,33.3751],[-94.8576,33.3767],[-94.8893,33.3985],[-94.9083,33.3837],[-94.9552,33.3966],[-95.0047,33.3954],[-95.0209,33.3808],[-95.0933,33.3976],[-95.1255,33.3895]]]}},{"type":"Feature","properties":{"name":"Dallas County","fips":"48113"},"geometry":{"type":"Polygon","coordinates":[[[-97.0386,32.5544],[-96.5231,32.5452],[-96.517,32.9829],[-97.031,32.9897],[-97.0386,32.5544]]]}},{"type":"Feature","properties":{"name":"Gonzales County","fips":"48177"},"geometry":{"type":"Polygon","coordinates":[[[-97.6131,29.1098],[-97.2401,29.3845],[-97.2023,29.5075],[-97.2041,29.5806],[-97.1305,29.6433],[-97.3179,29.7847],[-97.5977,29.6307],[-97.6332,29.6499],[-97.8588,29.3529],[-97.6131,29.1098]]]}},{"type":"Feature","properties":{"name":"Howard County","fips":"48227"},"geometry":{"type":"Polygon","coordinates":[[[-101.184,32.0872],[-101.1746,32.5241],[-101.6887,32.5252],[-101.695,32.0875],[-101.184,32.0872]]]}},{"type":"Feature","properties":{"name":"Bell County","fips":"48027"},"geometry":{"type":"Polygon","coordinates":[[[-97.4186,31.3202],[-97.9138,31.0659],[-97.9117,31.0349],[-97.8281,30.9044],[-97.6241,30.87],[-97.3155,30.7524],[-97.259,30.8896],[-97.0701,30.986],[-97.2778,31.2795],[-97.3434,31.2442],[-97.4186,31.3202]]]}},{"type":"Feature","properties":{"name":"Parker County","fips":"48367"},"geometry":{"type":"Polygon","coordinates":[[[-98.0561,33.0033],[-98.0668,32.5588],[-97.5506,32.5554],[-97.5442,32.9947],[-98.0561,33.0033]]]}},{"type":"Feature","properties":{"name":"Yoakum County","fips":"48501"},"geometry":{"type":"Polygon","coordinates":[[[-103.0565,33.3884],[-103.0647,32.9591],[-102.595,32.9588],[-102.5948,33.3885],[-103.0565,33.3884]]]}},{"type":"Feature","properties":{"name":"Bandera County","fips":"48019"},"geometry":{"type":"Polygon","coordinates":[[[-99.6028,29.9077],[-99.6031,29.6272],[-98.9838,29.6234],[-98.9859,29.567],[-98.9734,29.5517],[-98.9272,29.5623],[-98.7788,29.7202],[-99.1749,29.8944],[-99.2789,29.9042],[-99.6028,29.9077]]]}},{"type":"Feature","properties":{"name":"Kinney County","fips":"48271"},"geometry":{"type":"Polygon","coordinates":[[[-100.797,29.2356],[-100.7671,29.1953],[-100.7726,29.1684],[-100.6839,29.1102],[-100.6675,29.0843],[-100.1114,29.0863],[-100.1121,29.6233],[-100.6999,29.6239],[-100.712,29.338],[-100.7465,29.3258],[-100.738,29.2823],[-100.7578,29.2383],[-100.797,29.2356]]]}},{"type":"Feature","properties":{"name":"Somervell County","fips":"48425"},"geometry":{"type":"Polygon","coordinates":[[[-97.9456,32.2335],[-97.8649,32.0873],[-97.6309,32.2074],[-97.6151,32.2035],[-97.6157,32.3186],[-97.7828,32.3165],[-97.9456,32.2335]]]}},{"type":"Feature","properties":{"name":"Kenedy County","fips":"48261"},"geometry":{"type":"Polygon","coordinates":[[[-97.9859,27.2093],[-97.9853,26.6158],[-97.8617,26.598],[-97.2254,26.6002],[-97.2827,26.7634],[-97.316,26.9293],[-97.3198,27.11],[-97.2883,27.2776],[-97.5089,27.2666],[-97.6505,27.2835],[-97.7291,27.2658],[-97.7851,27.2837],[-97.8411,27.244],[-97.9517,27.2335],[-97.959,27.213],[-97.9859,27.2093]]]}},{"type":"Feature","properties":{"name":"Karnes County","fips":"48255"},"geometry":{"type":"Polygon","coordinates":[[[-97.7785,28.668],[-97.5746,28.8133],[-97.7551,29.0071],[-97.6131,29.1098],[-97.7284,29.2217],[-98.191,28.8823],[-98.0053,28.6902],[-97.9151,28.7196],[-97.8253,28.6703],[-97.7785,28.668]]]}},{"type":"Feature","properties":{"name":"Borden County","fips":"48033"},"geometry":{"type":"Polygon","coordinates":[[[-101.6913,32.9546],[-101.6887,32.5252],[-101.1746,32.5241],[-101.1734,32.9636],[-101.6913,32.9546]]]}},{"type":"Feature","properties":{"name":"San Saba County","fips":"48411"},"geometry":{"type":"Polygon","coordinates":[[[-99.0906,31.4609],[-99.0924,30.922],[-98.4178,30.9278],[-98.416,30.9449],[-98.4528,30.9644],[-98.4419,30.9843],[-98.4592,31.0104],[-98.4398,31.0299],[-98.484,31.063],[-98.4564,31.0787],[-98.4705,31.0944],[-98.4556,31.1109],[-98.4989,31.1185],[-98.5271,31.0907],[-98.5477,31.1284],[-98.5042,31.1661],[-98.5688,31.1984],[-98.563,31.2358],[-98.5788,31.2645],[-98.5957,31.2531],[-98.6283,31.2741],[-98.5982,31.287],[-98.5871,31.3253],[-98.6476,31.3149],[-98.6364,31.3529],[-98.6535,31.37],[-98.7027,31.3391],[-98.7126,31.355],[-98.6955,31.4056],[-98.7253,31.4083],[-98.7261,31.4283],[-98.7428,31.4281],[-98.7616,31.376],[-98.7779,31.3771],[-98.7766,31.4139],[-98.8468,31.4106],[-98.871,31.4437],[-98.9252,31.434],[-98.941,31.4586],[-98.966,31.4351],[-98.965,31.4533],[-98.9949,31.4664],[-98.9878,31.4825],[-99.019,31.4696],[-99.0415,31.4905],[-99.063,31.4627],[-99.0906,31.4609]]]}},{"type":"Feature","properties":{"name":"Burleson County","fips":"48051"},"geometry":{"type":"Polygon","coordinates":[[[-96.5105,30.6278],[-96.6015,30.6401],[-96.5674,30.6983],[-96.6213,30.7308],[-96.9636,30.5564],[-96.9189,30.5392],[-96.8959,30.4892],[-96.8998,30.4603],[-96.8749,30.4577],[-96.8707,30.4355],[-96.7876,30.3891],[-96.7439,30.32],[-96.6947,30.3202],[-96.664,30.2956],[-96.2946,30.3797],[-96.3069,30.3946],[-96.2989,30.4105],[-96.2769,30.407],[-96.272,30.417],[-96.2866,30.4179],[-96.2846,30.448],[-96.3209,30.4496],[-96.3418,30.4972],[-96.371,30.5133],[-96.3553,30.522],[-96.3591,30.5423],[-96.4131,30.5395],[-96.4261,30.5908],[-96.4355,30.5732],[-96.4515,30.5968],[-96.4879,30.6051],[-96.4892,30.6218],[-96.4999,30.6128],[-96.5105,30.6278]]]}},{"type":"Feature","properties":{"name":"Jim Hogg County","fips":"48247"},"geometry":{"type":"Polygon","coordinates":[[[-98.9547,27.2694],[-98.9542,26.7857],[-98.4226,26.7835],[-98.4179,27.0553],[-98.4665,27.0547],[-98.4673,27.142],[-98.4929,27.1421],[-98.4929,27.235],[-98.5366,27.2652],[-98.5233,27.2651],[-98.5223,27.3433],[-98.5524,27.3438],[-98.5526,27.3591],[-98.5895,27.3587],[-98.5895,27.3382],[-98.6249,27.3381],[-98.625,27.3577],[-98.7983,27.354],[-98.7981,27.268],[-98.9547,27.2694]]]}},{"type":"Feature","properties":{"name":"Andrews County","fips":"48003"},"geometry":{"type":"Polygon","coordinates":[[[-103.0647,32.5222],[-103.0645,32.0871],[-102.2112,32.0868],[-102.211,32.5232],[-103.0647,32.5222]]]}},{"type":"Feature","properties":{"name":"Calhoun County","fips":"48057"},"geometry":{"type":"Polygon","coordinates":[[[-96.5882,28.7264],[-96.7228,28.6698],[-96.8538,28.6352],[-96.9304,28.5867],[-96.898,28.56],[-96.8986,28.5173],[-96.8148,28.4308],[-96.7857,28.4474],[-96.7641,28.4266],[-96.795,28.3647],[-96.7902,28.3198],[-96.8304,28.1096],[-96.8539,28.0637],[-96.8159,28.0228],[-96.6188,28.1695],[-96.3952,28.2797],[-96.3235,28.6756],[-96.4044,28.6744],[-96.3995,28.7302],[-96.4284,28.7035],[-96.5786,28.6968],[-96.5882,28.7264]]]}},{"type":"Feature","properties":{"name":"Clay County","fips":"48077"},"geometry":{"type":"Polygon","coordinates":[[[-98.4235,34.0828],[-98.4214,33.4668],[-97.9789,33.4671],[-97.9845,33.9007],[-97.9572,33.9145],[-97.9534,33.9364],[-97.9742,33.9428],[-97.946,33.9903],[-97.9742,34.0067],[-98.0277,33.9934],[-98.0882,34.0055],[-98.1062,34.0349],[-98.0825,34.0394],[-98.1202,34.0721],[-98.0898,34.1282],[-98.1127,34.1546],[-98.1708,34.1142],[-98.3668,34.1566],[-98.4235,34.0828]]]}},{"type":"Feature","properties":{"name":"Hunt County","fips":"48231"},"geometry":{"type":"Polygon","coordinates":[[[-95.8625,32.9796],[-95.8587,33.4095],[-96.2954,33.3519],[-96.2973,32.8417],[-95.9344,32.8372],[-95.9874,32.8761],[-95.9453,32.9799],[-95.8625,32.9796]]]}},{"type":"Feature","properties":{"name":"Mitchell County","fips":"48335"},"geometry":{"type":"Polygon","coordinates":[[[-100.6606,32.5253],[-101.1746,32.5277],[-101.184,32.0872],[-100.6654,32.0854],[-100.6606,32.5253]]]}},{"type":"Feature","properties":{"name":"Wood County","fips":"48499"},"geometry":{"type":"Polygon","coordinates":[[[-95.1534,32.5701],[-95.15,33.006],[-95.1522,33.0134],[-95.1729,32.9618],[-95.6654,32.9604],[-95.6346,32.7169],[-95.4748,32.6061],[-95.4467,32.6137],[-95.3752,32.5974],[-95.3459,32.6093],[-95.2781,32.5716],[-95.2503,32.5777],[-95.2382,32.5606],[-95.205,32.5724],[-95.1898,32.5421],[-95.1754,32.5555],[-95.1653,32.5444],[-95.1534,32.5701]]]}},{"type":"Feature","properties":{"name":"Montague County","fips":"48337"},"geometry":{"type":"Polygon","coordinates":[[[-97.5723,33.8993],[-97.5966,33.9147],[-97.5896,33.9536],[-97.6713,33.9916],[-97.7323,33.9365],[-97.7628,33.9344],[-97.7638,33.9142],[-97.7835,33.9183],[-97.7808,33.8944],[-97.7989,33.8985],[-97.8343,33.8576],[-97.8753,33.8497],[-97.9779,33.8898],[-97.979,33.4337],[-97.4871,33.4337],[-97.4842,33.9155],[-97.5723,33.8993]]]}},{"type":"Feature","properties":{"name":"Brown County","fips":"48049"},"geometry":{"type":"Polygon","coordinates":[[[-99.1959,32.0792],[-99.2028,31.4672],[-99.1888,31.4705],[-99.1841,31.4537],[-99.1162,31.4682],[-99.0963,31.4482],[-99.0413,31.4906],[-99.0106,31.4712],[-98.78,31.6107],[-98.7601,31.6879],[-98.6684,31.7005],[-98.9244,32.078],[-99.1959,32.0792]]]}},{"type":"Feature","properties":{"name":"Ellis County","fips":"48139"},"geometry":{"type":"Polygon","coordinates":[[[-96.4774,32.4344],[-96.5133,32.5121],[-96.503,32.526],[-96.5297,32.5453],[-97.0871,32.5493],[-97.087,32.2668],[-96.9407,32.0521],[-96.3829,32.3289],[-96.4518,32.345],[-96.4344,32.4111],[-96.4774,32.4344]]]}},{"type":"Feature","properties":{"name":"Fannin County","fips":"48147"},"geometry":{"type":"Polygon","coordinates":[[[-95.8587,33.4095],[-95.8465,33.8399],[-95.9242,33.8846],[-95.9441,33.86],[-95.9849,33.8525],[-96.0029,33.8736],[-95.9977,33.8522],[-96.0206,33.8406],[-96.027,33.8575],[-96.0488,33.8365],[-96.1001,33.848],[-96.0994,33.8305],[-96.1481,33.8378],[-96.1508,33.817],[-96.1791,33.8102],[-96.1696,33.8009],[-96.1638,33.8131],[-96.1555,33.814],[-96.1866,33.755],[-96.229,33.748],[-96.2937,33.7694],[-96.3112,33.708],[-96.3423,33.6868],[-96.3622,33.6918],[-96.3795,33.7258],[-96.3845,33.3411],[-95.8587,33.4095]]]}},{"type":"Feature","properties":{"name":"Kerr County","fips":"48265"},"geometry":{"type":"Polygon","coordinates":[[[-99.7576,30.0769],[-99.6899,30.0739],[-99.6912,29.9086],[-99.177,29.8951],[-98.9177,29.7814],[-98.9201,30.1383],[-99.301,30.1343],[-99.3017,30.2867],[-99.7541,30.2907],[-99.7576,30.0769]]]}},{"type":"Feature","properties":{"name":"Marion County","fips":"48315"},"geometry":{"type":"Polygon","coordinates":[[[-94.7097,32.8705],[-94.6977,32.8431],[-94.6724,32.8348],[-94.7021,32.8205],[-94.702,32.7929],[-94.5073,32.6937],[-94.3839,32.6933],[-94.2561,32.7518],[-94.2342,32.7429],[-94.2213,32.7027],[-94.1733,32.6953],[-94.1422,32.7415],[-94.0927,32.7343],[-94.0958,32.7122],[-94.118,32.7093],[-94.0907,32.6892],[-94.0431,32.693],[-94.0431,32.8811],[-94.7097,32.8705]]]}},{"type":"Feature","properties":{"name":"Liberty County","fips":"48291"},"geometry":{"type":"Polygon","coordinates":[[[-94.5963,30.1121],[-94.7327,30.4901],[-94.8494,30.4936],[-95.1659,30.345],[-95.0312,29.9933],[-94.9998,29.9915],[-94.9822,29.965],[-94.9987,29.9199],[-94.9815,29.8843],[-94.4422,29.8895],[-94.4449,30.113],[-94.5963,30.1121]]]}},{"type":"Feature","properties":{"name":"Haskell County","fips":"48207"},"geometry":{"type":"Polygon","coordinates":[[[-99.991,33.3974],[-99.9888,32.9601],[-99.4713,32.957],[-99.4724,33.399],[-99.991,33.3974]]]}},{"type":"Feature","properties":{"name":"Burnet County","fips":"48053"},"geometry":{"type":"Polygon","coordinates":[[[-97.9117,31.035],[-98.4397,31.0296],[-98.4592,31.0104],[-98.4419,30.9843],[-98.4528,30.9644],[-98.4147,30.9402],[-98.4196,30.9254],[-98.4458,30.9214],[-98.4574,30.8789],[-98.4215,30.8632],[-98.4216,30.835],[-98.3769,30.8349],[-98.4325,30.7878],[-98.4266,30.7515],[-98.3715,30.7414],[-98.4143,30.7037],[-98.4033,30.6769],[-98.4419,30.6675],[-98.4002,30.5984],[-98.4137,30.5859],[-98.4054,30.5662],[-98.3703,30.5744],[-98.352,30.5584],[-98.351,30.4861],[-98.1255,30.4262],[-98.0977,30.4676],[-98.0978,30.4981],[-98.1234,30.4865],[-97.9629,30.7856],[-97.8281,30.9044],[-97.9117,31.035]]]}},{"type":"Feature","properties":{"name":"Gray County","fips":"48179"},"geometry":{"type":"Polygon","coordinates":[[[-101.0863,35.1821],[-100.539,35.1831],[-100.5402,35.6193],[-101.0859,35.6191],[-101.0863,35.1821]]]}},{"type":"Feature","properties":{"name":"Hudspeth County","fips":"48229"},"geometry":{"type":"Polygon","coordinates":[[[-105.998,32.0024],[-105.9933,31.4784],[-105.9593,31.4784],[-105.9543,31.4235],[-105.9972,31.3872],[-105.9535,31.3645],[-105.9329,31.3134],[-105.8694,31.289],[-105.7831,31.198],[-105.7726,31.1664],[-105.7423,31.1648],[-105.6044,31.0837],[-105.5579,30.9904],[-105.502,30.9678],[-105.4917,30.9424],[-105.4003,30.8895],[-105.3959,30.8493],[-105.3392,30.8404],[-105.3165,30.8108],[-105.2918,30.8262],[-105.2572,30.7944],[-105.215,30.8059],[-105.2167,30.7834],[-105.1952,30.7923],[-105.1766,30.768],[-105.1562,30.7698],[-105.1614,30.7521],[-105.1183,30.7497],[-105.0618,30.6858],[-105.0066,30.6861],[-104.9798,30.6293],[-104.9172,30.6636],[-104.9071,30.9003],[-104.9184,32.0004],[-105.998,32.0024]]]}},{"type":"Feature","properties":{"name":"Val Verde County","fips":"48465"},"geometry":{"type":"Polygon","coordinates":[[[-101.7609,29.782],[-101.7089,29.7616],[-101.6617,29.7709],[-101.6446,29.7542],[-101.6269,29.7708],[-101.5758,29.7693],[-101.5677,29.7987],[-101.5448,29.8119],[-101.536,29.759],[-101.4609,29.7897],[-101.4489,29.7507],[-101.4023,29.7712],[-101.4156,29.7465],[-101.3728,29.6994],[-101.3613,29.6501],[-101.346,29.6622],[-101.3025,29.6504],[-101.3055,29.5779],[-101.291,29.5715],[-101.2691,29.6301],[-101.2504,29.6242],[-101.241,29.565],[-101.2612,29.5368],[-101.2549,29.5203],[-101.1738,29.5146],[-101.1468,29.4742],[-101.0602,29.4587],[-101.01,29.3683],[-100.8868,29.3078],[-100.876,29.2796],[-100.7585,29.238],[-100.738,29.2823],[-100.7465,29.3258],[-100.712,29.338],[-100.6991,29.4197],[-100.7004,30.2883],[-101.7584,30.288],[-101.7609,29.782]]]}},{"type":"Feature","properties":{"name":"Upton County","fips":"48461"},"geometry":{"type":"Polygon","coordinates":[[[-102.3181,31.6418],[-102.3012,31.0862],[-101.7762,31.0798],[-101.7758,31.6513],[-102.3181,31.6418]]]}},{"type":"Feature","properties":{"name":"Kleberg County","fips":"48273"},"geometry":{"type":"Polygon","coordinates":[[[-98.0598,27.6359],[-98.0581,27.261],[-97.9861,27.2605],[-97.9857,27.2093],[-97.9194,27.2432],[-97.8411,27.244],[-97.7838,27.2839],[-97.7291,27.2658],[-97.6505,27.2835],[-97.5089,27.2666],[-97.2883,27.2776],[-97.1651,27.5683],[-97.2421,27.5829],[-97.3252,27.5609],[-97.8407,27.5584],[-97.8885,27.6202],[-97.9324,27.6359],[-98.0598,27.6359]]]}},{"type":"Feature","properties":{"name":"Gaines County","fips":"48165"},"geometry":{"type":"Polygon","coordinates":[[[-102.2027,32.5233],[-102.2085,32.959],[-103.0647,32.9591],[-103.0647,32.5222],[-102.2027,32.5233]]]}},{"type":"Feature","properties":{"name":"Martin County","fips":"48317"},"geometry":{"type":"Polygon","coordinates":[[[-102.2112,32.0868],[-101.695,32.0875],[-101.6887,32.5252],[-102.211,32.5232],[-102.2112,32.0868]]]}},{"type":"Feature","properties":{"name":"Bowie County","fips":"48037"},"geometry":{"type":"Polygon","coordinates":[[[-94.2333,33.5523],[-94.252,33.5595],[-94.2425,33.5897],[-94.2773,33.5573],[-94.2908,33.559],[-94.2874,33.5826],[-94.3095,33.5516],[-94.3437,33.568],[-94.3535,33.5437],[-94.3868,33.5451],[-94.4015,33.5605],[-94.3789,33.5702],[-94.3826,33.5833],[-94.4096,33.5683],[-94.4307,33.5916],[-94.4712,33.6019],[-94.4487,33.6427],[-94.5045,33.6207],[-94.5175,33.6331],[-94.5277,33.6159],[-94.5218,33.6407],[-94.57,33.6285],[-94.543,33.6493],[-94.5481,33.6603],[-94.5905,33.6451],[-94.5603,33.6666],[-94.5808,33.6664],[-94.5875,33.6861],[-94.596,33.6639],[-94.622,33.6825],[-94.6618,33.6605],[-94.6708,33.6693],[-94.6453,33.6736],[-94.6418,33.7004],[-94.6514,33.6858],[-94.7162,33.6879],[-94.7016,33.7029],[-94.7343,33.7156],[-94.7159,33.6949],[-94.7461,33.703],[-94.7469,33.3289],[-94.7259,33.3071],[-94.6918,33.3124],[-94.6497,33.2592],[-94.6186,33.2468],[-94.5905,33.2594],[-94.5784,33.2477],[-94.569,33.2643],[-94.4684,33.2943],[-94.4157,33.284],[-94.3797,33.2557],[-94.3609,33.2649],[-94.2317,33.2409],[-94.2402,33.2744],[-94.2158,33.2848],[-94.2185,33.2969],[-94.1644,33.3121],[-94.1305,33.2926],[-94.1101,33.3094],[-94.0826,33.3046],[-94.0833,33.2929],[-94.0567,33.2983],[-94.043,33.2712],[-94.0433,33.5516],[-94.0734,33.5549],[-94.0556,33.5616],[-94.0738,33.5847],[-94.0725,33.5723],[-94.1207,33.567],[-94.1287,33.5509],[-94.1351,33.571],[-94.1514,33.5685],[-94.142,33.5811],[-94.1838,33.5947],[-94.2173,33.5802],[-94.1951,33.5743],[-94.1919,33.557],[-94.2073,33.567],[-94.2333,33.5523]]]}},{"type":"Feature","properties":{"name":"Refugio County","fips":"48391"},"geometry":{"type":"Polygon","coordinates":[[[-97.1253,28.1163],[-97.0175,28.2029],[-97.1022,28.2265],[-97.1238,28.2725],[-96.7905,28.3192],[-96.795,28.3647],[-96.7641,28.4266],[-96.7857,28.4474],[-96.8144,28.4305],[-96.883,28.5055],[-96.9028,28.509],[-96.9155,28.4857],[-97.0223,28.5168],[-97.0248,28.5391],[-97.0515,28.5351],[-97.045,28.5501],[-97.0797,28.5455],[-97.0821,28.5322],[-97.1043,28.5547],[-97.1608,28.5535],[-97.3753,28.3891],[-97.5411,28.1647],[-97.5212,28.1513],[-97.4741,28.1788],[-97.473,28.156],[-97.4425,28.1542],[-97.4463,28.1327],[-97.4227,28.1429],[-97.4352,28.1294],[-97.4044,28.109],[-97.4038,28.1301],[-97.3848,28.124],[-97.379,28.1389],[-97.3457,28.1184],[-97.3415,28.1322],[-97.3253,28.1195],[-97.3178,28.1375],[-97.3169,28.1101],[-97.2903,28.1148],[-97.2837,28.0909],[-97.2394,28.0614],[-97.1253,28.1163]]]}},{"type":"Feature","properties":{"name":"Comal County","fips":"48091"},"geometry":{"type":"Polygon","coordinates":[[[-98.6462,29.7441],[-98.5825,29.7412],[-98.5505,29.7607],[-98.5265,29.7404],[-98.4458,29.7358],[-98.4383,29.7156],[-98.4075,29.7487],[-98.3751,29.7199],[-98.3526,29.7344],[-98.3413,29.7096],[-98.3802,29.7039],[-98.3843,29.6764],[-98.3429,29.6537],[-98.3453,29.6183],[-98.3109,29.5945],[-98.0899,29.6835],[-97.9993,29.7524],[-98.0305,29.8485],[-98.2976,30.038],[-98.6462,29.7441]]]}},{"type":"Feature","properties":{"name":"Aransas County","fips":"48007"},"geometry":{"type":"Polygon","coordinates":[[[-97.2604,28.0754],[-97.133,27.9],[-97.0957,27.9578],[-97.0572,27.8654],[-97.0653,27.8519],[-96.9843,27.8038],[-96.9595,27.8753],[-96.8159,28.0228],[-96.854,28.0631],[-96.8304,28.1096],[-96.7905,28.3192],[-97.1233,28.2727],[-97.1022,28.2265],[-97.0175,28.2029],[-97.0236,28.1877],[-97.1449,28.1026],[-97.2378,28.0615],[-97.2604,28.0754]]]}},{"type":"Feature","properties":{"name":"Gregg County","fips":"48183"},"geometry":{"type":"Polygon","coordinates":[[[-94.702,32.4218],[-94.7026,32.6564],[-94.7461,32.6675],[-94.8202,32.5906],[-94.9869,32.5372],[-94.9864,32.3708],[-94.5914,32.3656],[-94.5792,32.3949],[-94.6424,32.3983],[-94.6766,32.4244],[-94.702,32.4218]]]}},{"type":"Feature","properties":{"name":"Brewster County","fips":"48043"},"geometry":{"type":"Polygon","coordinates":[[[-102.8334,29.4097],[-102.8007,29.4862],[-102.8083,29.5229],[-102.7712,29.5484],[-102.7683,29.5952],[-102.7405,29.5975],[-102.7419,29.6332],[-102.6936,29.6767],[-102.675,29.744],[-102.6304,29.7342],[-102.5738,29.7549],[-102.5692,29.7715],[-102.548,29.7446],[-102.5135,29.7654],[-102.5176,29.7836],[-102.4873,29.7866],[-102.3872,29.7614],[-102.3646,29.8453],[-102.3409,29.8694],[-102.3235,29.8639],[-102.3208,29.8789],[-103.44,30.6659],[-103.8007,30.4125],[-103.7927,29.2625],[-103.7751,29.248],[-103.7768,29.2201],[-103.7591,29.2333],[-103.7186,29.1808],[-103.6596,29.1706],[-103.6506,29.1565],[-103.5537,29.158],[-103.4699,29.0853],[-103.4714,29.0667],[-103.4499,29.0727],[-103.4321,29.0434],[-103.3886,29.034],[-103.3865,29.0216],[-103.3596,29.0186],[-103.3443,29.046],[-103.3306,29.0432],[-103.3388,29.0203],[-103.3077,29.0245],[-103.3162,29.0107],[-103.2869,29.0013],[-103.287,28.9782],[-103.2666,28.9961],[-103.2504,28.9804],[-103.2279,28.9919],[-103.1539,28.9716],[-103.1142,28.9866],[-103.1006,29.0603],[-103.0859,29.0537],[-103.0758,29.0915],[-103.0339,29.101],[-102.9956,29.1793],[-102.9509,29.1736],[-102.9434,29.1914],[-102.9178,29.1909],[-102.9123,29.2194],[-102.8951,29.2085],[-102.8675,29.2239],[-102.8717,29.2418],[-102.9042,29.2555],[-102.9032,29.2786],[-102.8885,29.292],[-102.8815,29.3518],[-102.8394,29.3589],[-102.845,29.3744],[-102.8124,29.4005],[-102.8334,29.4097]]]}},{"type":"Feature","properties":{"name":"Ward County","fips":"48475"},"geometry":{"type":"Polygon","coordinates":[[[-103.6109,31.6518],[-103.5728,31.6323],[-103.5314,31.6425],[-103.5094,31.6259],[-103.5152,31.5792],[-103.4953,31.5495],[-103.5038,31.5063],[-103.4809,31.4752],[-103.4891,31.456],[-103.4542,31.4257],[-103.399,31.4339],[-103.381,31.4169],[-103.33,31.4119],[-103.2617,31.4276],[-103.2449,31.3894],[-103.1945,31.3719],[-103.107,31.361],[-103.066,31.3658],[-103.0526,31.3856],[-103.0107,31.3775],[-102.996,31.3569],[-102.9336,31.3501],[-102.8269,31.2669],[-102.7674,31.2938],[-102.7672,31.6517],[-103.6109,31.6518]]]}},{"type":"Feature","properties":{"name":"Wilbarger County","fips":"48487"},"geometry":{"type":"Polygon","coordinates":[[[-99.4751,34.3959],[-99.4756,33.834],[-98.9532,33.834],[-98.9524,34.2125],[-98.9689,34.2012],[-98.9917,34.2214],[-99.047,34.198],[-99.0794,34.2115],[-99.1266,34.2031],[-99.1304,34.2195],[-99.1537,34.2073],[-99.1904,34.2147],[-99.1954,34.2808],[-99.2114,34.2922],[-99.2069,34.3383],[-99.2326,34.3389],[-99.2365,34.3658],[-99.2744,34.3843],[-99.2613,34.4035],[-99.3196,34.4089],[-99.3698,34.4586],[-99.3952,34.442],[-99.3872,34.4108],[-99.4003,34.3746],[-99.4249,34.3858],[-99.4365,34.3705],[-99.4751,34.3959]]]}},{"type":"Feature","properties":{"name":"Terry County","fips":"48445"},"geometry":{"type":"Polygon","coordinates":[[[-102.5948,33.3885],[-102.595,32.9588],[-102.0762,32.9597],[-102.0759,33.3896],[-102.5948,33.3885]]]}},{"type":"Feature","properties":{"name":"Foard County","fips":"48155"},"geometry":{"type":"Polygon","coordinates":[[[-100.0485,33.8421],[-99.8351,33.8358],[-99.8326,33.8174],[-99.7582,33.8239],[-99.7584,33.8035],[-99.7396,33.8117],[-99.7255,33.7974],[-99.7223,33.8144],[-99.6995,33.8004],[-99.6853,33.8273],[-99.6639,33.8081],[-99.6361,33.8172],[-99.6345,33.8027],[-99.599,33.7874],[-99.5821,33.7844],[-99.5776,33.8027],[-99.5438,33.7952],[-99.5458,33.7806],[-99.5249,33.7838],[-99.5198,33.7682],[-99.4762,33.7529],[-99.4745,33.7338],[-99.4753,34.0856],[-99.4898,34.0657],[-99.5321,34.0749],[-99.5494,34.0558],[-99.6243,34.0966],[-99.7705,34.0928],[-100.0059,34.2255],[-100.009,34.2415],[-100.0373,34.2388],[-100.0485,33.8421]]]}},{"type":"Feature","properties":{"name":"Real County","fips":"48385"},"geometry":{"type":"Polygon","coordinates":[[[-100.0636,29.7111],[-100.0174,29.6776],[-100.0304,29.664],[-100.0084,29.6371],[-100.0142,29.6235],[-99.6031,29.6272],[-99.6028,29.9077],[-99.6912,29.9086],[-99.6899,30.0739],[-99.9676,30.0824],[-99.973,30.0246],[-99.9897,30.0257],[-100.0023,29.8968],[-100.0235,29.883],[-100.0348,29.8441],[-100.0134,29.7959],[-100.0364,29.7771],[-100.0248,29.7281],[-100.0636,29.7111]]]}},{"type":"Feature","properties":{"name":"Jack County","fips":"48237"},"geometry":{"type":"Polygon","coordinates":[[[-98.4214,33.4668],[-98.4266,33.0079],[-97.9216,33.0013],[-97.9182,33.4339],[-97.979,33.4337],[-97.9789,33.4671],[-98.4214,33.4668]]]}},{"type":"Feature","properties":{"name":"Hemphill County","fips":"48211"},"geometry":{"type":"Polygon","coordinates":[[[-100.5402,36.0565],[-100.5402,35.6193],[-100.0004,35.6191],[-100.0004,36.0557],[-100.5402,36.0565]]]}},{"type":"Feature","properties":{"name":"Carson County","fips":"48065"},"geometry":{"type":"Polygon","coordinates":[[[-101.6228,35.6241],[-101.6229,35.1831],[-101.0863,35.1821],[-101.0861,35.6253],[-101.6228,35.6241]]]}},{"type":"Feature","properties":{"name":"Shackelford County","fips":"48417"},"geometry":{"type":"Polygon","coordinates":[[[-99.612,32.5147],[-99.096,32.5148],[-99.096,32.957],[-99.612,32.957],[-99.612,32.5147]]]}},{"type":"Feature","properties":{"name":"San Jacinto County","fips":"48407"},"geometry":{"type":"Polygon","coordinates":[[[-94.8304,30.5416],[-95.0359,30.5873],[-95.0071,30.6071],[-95.0247,30.6485],[-95.0103,30.6567],[-95.055,30.6803],[-95.115,30.661],[-95.1099,30.6942],[-95.1349,30.6933],[-95.1471,30.7174],[-95.1319,30.7832],[-95.231,30.8411],[-95.2431,30.8669],[-95.2307,30.8867],[-95.2463,30.904],[-95.3129,30.8979],[-95.3275,30.8595],[-95.3592,30.5044],[-95.3084,30.4058],[-95.2038,30.3521],[-95.2264,30.3197],[-94.8426,30.4875],[-94.8655,30.495],[-94.8674,30.5108],[-94.8304,30.5416]]]}},{"type":"Feature","properties":{"name":"Navarro County","fips":"48349"},"geometry":{"type":"Polygon","coordinates":[[[-96.4967,31.7962],[-96.0508,32.0164],[-96.0665,32.0378],[-96.0657,32.0855],[-96.1068,32.0754],[-96.1177,32.0946],[-96.103,32.1506],[-96.1757,32.1681],[-96.1468,32.2119],[-96.1907,32.2026],[-96.2351,32.2509],[-96.2851,32.2546],[-96.2987,32.3012],[-96.3829,32.3289],[-96.8962,32.074],[-96.7191,31.8149],[-96.4967,31.7962]]]}},{"type":"Feature","properties":{"name":"Brooks County","fips":"48047"},"geometry":{"type":"Polygon","coordinates":[[[-98.5366,27.2652],[-98.4929,27.235],[-98.4929,27.1421],[-98.4673,27.142],[-98.4665,27.0547],[-98.4179,27.0553],[-98.4226,26.7835],[-97.9855,26.7809],[-97.9861,27.2605],[-98.5366,27.2652]]]}},{"type":"Feature","properties":{"name":"Hamilton County","fips":"48193"},"geometry":{"type":"Polygon","coordinates":[[[-98.2084,31.9175],[-98.1566,31.8417],[-98.4637,31.684],[-98.2711,31.4164],[-97.7664,31.6725],[-98.0055,32.0179],[-98.2084,31.9175]]]}},{"type":"Feature","properties":{"name":"Victoria County","fips":"48469"},"geometry":{"type":"Polygon","coordinates":[[[-96.9304,28.5867],[-96.8538,28.6352],[-96.7228,28.6698],[-96.6423,28.7171],[-96.6598,28.7204],[-96.6701,28.7612],[-96.6974,28.7738],[-96.6961,28.7966],[-96.7231,28.8212],[-96.7031,28.8516],[-96.7389,28.8936],[-96.7921,28.9188],[-96.8321,29.0213],[-96.9386,29.0632],[-96.9764,29.104],[-97.3059,28.864],[-97.3049,28.85],[-97.2166,28.8606],[-97.1608,28.783],[-97.1784,28.7381],[-97.1677,28.7278],[-97.1824,28.6106],[-97.1538,28.5698],[-97.1604,28.5504],[-97.1043,28.5547],[-97.0821,28.5322],[-97.0797,28.5455],[-97.045,28.5501],[-97.0515,28.5351],[-97.0248,28.5391],[-97.0223,28.5168],[-96.9155,28.4857],[-96.9158,28.4989],[-96.8911,28.5065],[-96.9059,28.5324],[-96.8951,28.5493],[-96.9304,28.5867]]]}},{"type":"Feature","properties":{"name":"Brazoria County","fips":"48039"},"geometry":{"type":"Polygon","coordinates":[[[-95.4171,29.5833],[-95.4626,29.4392],[-95.5506,29.4383],[-95.5476,29.3952],[-95.5723,29.3838],[-95.5792,29.3406],[-95.6258,29.313],[-95.6261,29.2931],[-95.7529,29.3245],[-95.784,29.2962],[-95.7978,29.308],[-95.874,29.2297],[-95.8447,29.2047],[-95.8578,29.1933],[-95.8384,29.1766],[-95.8505,29.1569],[-95.8419,29.0991],[-95.7651,29.0608],[-95.7855,29.0392],[-95.7694,28.9711],[-95.6991,28.9695],[-95.6551,28.9515],[-95.6421,28.9043],[-95.5792,28.8596],[-95.5737,28.8328],[-95.5041,28.8377],[-95.4957,28.7648],[-95.4201,28.8056],[-95.3298,28.8287],[-95.1065,29.0149],[-95.0873,29.058],[-95.1299,29.0856],[-95.0561,29.1993],[-95.2331,29.4656],[-95.2146,29.5571],[-95.2538,29.5537],[-95.2613,29.5928],[-95.2828,29.5977],[-95.4171,29.5833]]]}},{"type":"Feature","properties":{"name":"Menard County","fips":"48327"},"geometry":{"type":"Polygon","coordinates":[[[-100.1162,30.7104],[-99.4839,30.7108],[-99.4848,30.9406],[-99.6036,30.9407],[-99.6032,31.0873],[-100.1152,31.088],[-100.1162,30.7104]]]}},{"type":"Feature","properties":{"name":"Panola County","fips":"48365"},"geometry":{"type":"Polygon","coordinates":[[[-94.6,31.9732],[-94.0156,31.9799],[-94.0427,31.9993],[-94.0429,32.3923],[-94.3506,32.3266],[-94.3829,32.3457],[-94.3838,32.3665],[-94.4399,32.3618],[-94.4918,32.3941],[-94.5265,32.2781],[-94.5803,32.2025],[-94.6016,32.08],[-94.6,31.9732]]]}},{"type":"Feature","properties":{"name":"Anderson County","fips":"48001"},"geometry":{"type":"Polygon","coordinates":[[[-96.0649,31.9809],[-96.0429,31.963],[-96.0619,31.9596],[-96.0547,31.9482],[-96.0219,31.9573],[-96.0063,31.9247],[-96.0013,31.9072],[-96.0197,31.9036],[-96.0247,31.8735],[-95.9698,31.8767],[-95.9946,31.8436],[-95.973,31.8199],[-95.9806,31.7846],[-95.8747,31.7547],[-95.8668,31.742],[-95.8756,31.7434],[-95.881,31.7351],[-95.87,31.7391],[-95.8666,31.7188],[-95.8809,31.7013],[-95.862,31.6873],[-95.8337,31.6951],[-95.8057,31.6711],[-95.7876,31.6926],[-95.7967,31.6311],[-95.772,31.5986],[-95.7487,31.6177],[-95.7541,31.6486],[-95.7357,31.6538],[-95.7185,31.6324],[-95.7112,31.6039],[-95.7295,31.5835],[-95.7155,31.5544],[-95.7511,31.552],[-95.7587,31.5336],[-95.7393,31.5041],[-95.6472,31.527],[-95.6518,31.5418],[-95.2732,31.5929],[-95.2597,31.6078],[-95.2879,31.6329],[-95.2832,31.6764],[-95.3425,31.718],[-95.3354,31.7349],[-95.3664,31.7268],[-95.3582,31.7493],[-95.4021,31.7616],[-95.4008,31.8186],[-95.4469,31.8432],[-95.4202,31.9262],[-95.4535,31.96],[-95.4461,31.9994],[-95.4241,32.0189],[-95.4387,32.033],[-95.4222,32.0423],[-95.4385,32.066],[-95.4241,32.0839],[-96.0528,32.0059],[-96.0649,31.9809]]]}},{"type":"Feature","properties":{"name":"Throckmorton County","fips":"48447"},"geometry":{"type":"Polygon","coordinates":[[[-99.4724,33.399],[-99.4713,32.957],[-98.9509,32.9569],[-98.9539,33.3975],[-99.4724,33.399]]]}},{"type":"Feature","properties":{"name":"Tyler County","fips":"48457"},"geometry":{"type":"Polygon","coordinates":[[[-94.658,31.012],[-94.5457,30.527],[-94.0683,30.5283],[-94.0959,30.5768],[-94.0758,30.618],[-94.053,30.6294],[-94.0531,30.649],[-94.0742,30.6678],[-94.0864,30.6573],[-94.0901,30.6876],[-94.1258,30.6841],[-94.133,30.7652],[-94.1501,30.7902],[-94.1815,30.7974],[-94.1801,30.8343],[-94.201,30.8635],[-94.1899,30.872],[-94.2159,30.9015],[-94.1995,30.9288],[-94.2286,30.9397],[-94.2279,30.9578],[-94.245,30.9668],[-94.2384,31.0137],[-94.2812,31.0184],[-94.2926,31.0429],[-94.3242,31.0201],[-94.3534,31.0395],[-94.4503,31.0031],[-94.4449,31.0344],[-94.4729,31.0261],[-94.4918,31.0449],[-94.5619,31.059],[-94.658,31.012]]]}},{"type":"Feature","properties":{"name":"Hale County","fips":"48189"},"geometry":{"type":"Polygon","coordinates":[[[-102.0904,34.3131],[-102.0857,33.8247],[-101.5636,33.8305],[-101.5649,34.3125],[-102.0904,34.3131]]]}},{"type":"Feature","properties":{"name":"Armstrong County","fips":"48011"},"geometry":{"type":"Polygon","coordinates":[[[-101.6229,35.1831],[-101.6293,34.7476],[-101.0907,34.7482],[-101.0863,35.1821],[-101.6229,35.1831]]]}},{"type":"Feature","properties":{"name":"Maverick County","fips":"48323"},"geometry":{"type":"Polygon","coordinates":[[[-100.6674,29.0843],[-100.646,28.988],[-100.6515,28.9434],[-100.6297,28.9211],[-100.6406,28.9142],[-100.6011,28.9013],[-100.5747,28.8288],[-100.5473,28.8258],[-100.5354,28.8052],[-100.5334,28.7592],[-100.5076,28.7406],[-100.5004,28.662],[-100.4471,28.6422],[-100.4473,28.6093],[-100.3985,28.5852],[-100.4113,28.5507],[-100.3883,28.5149],[-100.3338,28.4993],[-100.3683,28.4772],[-100.3378,28.443],[-100.3444,28.3897],[-100.2865,28.3123],[-100.2935,28.2785],[-100.2516,28.2362],[-100.2203,28.2322],[-100.2122,28.1968],[-100.1137,28.1978],[-100.1114,29.0863],[-100.6674,29.0843]]]}},{"type":"Feature","properties":{"name":"Callahan County","fips":"48059"},"geometry":{"type":"Polygon","coordinates":[[[-99.1187,32.0796],[-99.1143,32.5148],[-99.6296,32.5147],[-99.6314,32.0813],[-99.1187,32.0796]]]}},{"type":"Feature","properties":{"name":"Rains County","fips":"48379"},"geometry":{"type":"Polygon","coordinates":[[[-95.9873,32.8764],[-95.8508,32.7708],[-95.77,32.7727],[-95.7623,32.7554],[-95.7023,32.7424],[-95.668,32.7133],[-95.635,32.7204],[-95.6677,32.9796],[-95.9453,32.9799],[-95.9873,32.8764]]]}},{"type":"Feature","properties":{"name":"Nacogdoches County","fips":"48347"},"geometry":{"type":"Polygon","coordinates":[[[-94.9781,31.7935],[-94.9263,31.7619],[-94.9673,31.7541],[-94.9728,31.7376],[-94.9544,31.7232],[-94.9659,31.6978],[-94.9507,31.6797],[-94.9542,31.6397],[-94.9261,31.6098],[-94.9191,31.5726],[-94.8916,31.5778],[-94.9006,31.5526],[-94.8838,31.5295],[-94.8228,31.4839],[-94.8039,31.4905],[-94.6955,31.4517],[-94.6644,31.4596],[-94.6279,31.4389],[-94.5938,31.4493],[-94.5815,31.4332],[-94.5449,31.4317],[-94.5376,31.3986],[-94.5022,31.4105],[-94.4661,31.3785],[-94.4477,31.3178],[-94.3952,31.3019],[-94.383,31.2741],[-94.3576,31.2596],[-94.3572,31.2469],[-94.3505,31.2475],[-94.335,31.2232],[-94.328,31.2232],[-94.3396,31.2633],[-94.3149,31.3081],[-94.3312,31.363],[-94.3269,31.4],[-94.3049,31.4218],[-94.325,31.4394],[-94.3161,31.4958],[-94.3021,31.5053],[-94.3054,31.5711],[-94.3662,31.6332],[-94.3954,31.6388],[-94.4169,31.7061],[-94.4125,31.7464],[-94.4324,31.7752],[-94.4241,31.8002],[-94.4517,31.8441],[-94.9375,31.8456],[-94.9539,31.797],[-94.9781,31.7935]]]}},{"type":"Feature","properties":{"name":"Collingsworth County","fips":"48087"},"geometry":{"type":"Polygon","coordinates":[[[-100.539,35.1831],[-100.5407,34.7477],[-100.0004,34.7464],[-100.0004,35.1827],[-100.539,35.1831]]]}},{"type":"Feature","properties":{"name":"Colorado County","fips":"48089"},"geometry":{"type":"Polygon","coordinates":[[[-96.3474,29.4116],[-96.3077,29.5145],[-96.1754,29.6338],[-96.1993,29.6565],[-96.2598,29.6693],[-96.2778,29.7001],[-96.2701,29.7166],[-96.3118,29.7564],[-96.3432,29.8297],[-96.3597,29.8189],[-96.421,29.8293],[-96.5357,29.9073],[-96.5698,29.9615],[-96.8742,29.6327],[-96.843,29.6164],[-96.8328,29.5769],[-96.7931,29.5774],[-96.5606,29.3354],[-96.6585,29.2639],[-96.6403,29.2478],[-96.3474,29.4116]]]}},{"type":"Feature","properties":{"name":"Wise County","fips":"48497"},"geometry":{"type":"Polygon","coordinates":[[[-97.383,33.4329],[-97.9182,33.4339],[-97.9216,33.0013],[-97.3985,32.9908],[-97.383,33.4329]]]}},{"type":"Feature","properties":{"name":"Williamson County","fips":"48491"},"geometry":{"type":"Polygon","coordinates":[[[-97.9629,30.7856],[-98.0499,30.6242],[-98.0365,30.6117],[-98.0063,30.6275],[-97.9924,30.6095],[-97.9567,30.6282],[-97.9171,30.6049],[-97.927,30.5677],[-97.9025,30.5713],[-97.8679,30.5465],[-97.8714,30.5227],[-97.8466,30.4734],[-97.7763,30.4298],[-97.6888,30.4614],[-97.6829,30.4801],[-97.6514,30.4749],[-97.5962,30.5015],[-97.5683,30.4997],[-97.5461,30.4754],[-97.5109,30.4853],[-97.4341,30.4597],[-97.3345,30.4028],[-97.1552,30.4573],[-97.2699,30.7354],[-97.6241,30.87],[-97.8281,30.9044],[-97.9629,30.7856]]]}},{"type":"Feature","properties":{"name":"Garza County","fips":"48169"},"geometry":{"type":"Polygon","coordinates":[[[-101.5574,32.961],[-101.0387,32.9702],[-101.0388,33.3972],[-101.5569,33.3948],[-101.5574,32.961]]]}},{"type":"Feature","properties":{"name":"Coryell County","fips":"48099"},"geometry":{"type":"Polygon","coordinates":[[[-97.9071,31.0694],[-97.4186,31.3202],[-97.6898,31.711],[-98.18,31.4637],[-97.9071,31.0694]]]}},{"type":"Feature","properties":{"name":"Travis County","fips":"48453"},"geometry":{"type":"Polygon","coordinates":[[[-98.1234,30.4865],[-98.0978,30.4981],[-98.0977,30.4676],[-98.173,30.3563],[-97.7088,30.0235],[-97.4925,30.21],[-97.3695,30.4196],[-97.4341,30.4597],[-97.5109,30.4853],[-97.5461,30.4754],[-97.5683,30.4997],[-97.5962,30.5015],[-97.6514,30.4749],[-97.6829,30.4801],[-97.6888,30.4614],[-97.7763,30.4298],[-97.8466,30.4734],[-97.8714,30.5227],[-97.8679,30.5465],[-97.9025,30.5713],[-97.927,30.5677],[-97.9171,30.6049],[-97.9567,30.6282],[-97.9924,30.6095],[-98.0063,30.6275],[-98.0365,30.6117],[-98.0499,30.6242],[-98.1234,30.4865]]]}},{"type":"Feature","properties":{"name":"McCulloch County","fips":"48307"},"geometry":{"type":"Polygon","coordinates":[[[-99.0923,30.941],[-99.0906,31.4609],[-99.0979,31.4482],[-99.1101,31.4664],[-99.1249,31.4564],[-99.1595,31.4682],[-99.1841,31.4537],[-99.194,31.4734],[-99.2095,31.4653],[-99.24,31.4828],[-99.3144,31.4098],[-99.3462,31.4219],[-99.3439,31.4433],[-99.3573,31.4309],[-99.4416,31.4751],[-99.4498,31.4577],[-99.4369,31.446],[-99.4713,31.4216],[-99.4957,31.445],[-99.5124,31.4245],[-99.5367,31.4834],[-99.6019,31.492],[-99.6036,30.9407],[-99.0923,30.941]]]}},{"type":"Feature","properties":{"name":"Crockett County","fips":"48105"},"geometry":{"type":"Polygon","coordinates":[[[-102.3907,31.0858],[-102.3299,31.0683],[-102.2848,31.0338],[-102.202,31.031],[-102.1917,31.0038],[-102.1809,31.0167],[-102.1099,30.9903],[-102.0492,31.0036],[-102.0117,30.9793],[-101.9841,30.9873],[-101.8776,30.9201],[-101.8911,30.8902],[-101.8499,30.8569],[-101.8315,30.8017],[-101.839,30.7639],[-101.8158,30.752],[-101.81,30.7023],[-101.7798,30.686],[-101.7689,30.6532],[-101.7116,30.6547],[-101.6524,30.6202],[-101.6635,30.5889],[-101.6465,30.5511],[-101.6797,30.5225],[-101.6889,30.4676],[-101.7021,30.4574],[-101.7318,30.4676],[-101.7201,30.4428],[-101.7406,30.4217],[-101.7003,30.4013],[-101.6589,30.3426],[-101.7154,30.3398],[-101.7584,30.288],[-100.9606,30.2878],[-100.9622,31.0825],[-102.3907,31.0858]]]}},{"type":"Feature","properties":{"name":"Hill County","fips":"48217"},"geometry":{"type":"Polygon","coordinates":[[[-97.2773,31.7455],[-97.0373,31.8631],[-96.9322,31.7089],[-96.7191,31.8149],[-96.8962,32.074],[-96.9407,32.0521],[-97.087,32.2668],[-97.476,32.1817],[-97.4566,32.1638],[-97.4968,32.1361],[-97.4699,32.0916],[-97.4921,32.0597],[-97.486,32.0176],[-97.4477,32.0125],[-97.4264,32.0286],[-97.4056,31.9876],[-97.3773,31.9795],[-97.4395,31.9298],[-97.3594,31.8896],[-97.3828,31.8708],[-97.3291,31.8419],[-97.2783,31.8395],[-97.3265,31.7897],[-97.3103,31.7616],[-97.2773,31.7455]]]}},{"type":"Feature","properties":{"name":"Waller County","fips":"48473"},"geometry":{"type":"Polygon","coordinates":[[[-96.1922,30.1367],[-96.1787,30.1198],[-96.1887,30.1105],[-96.1699,30.0988],[-96.154,30.108],[-96.1584,30.0917],[-96.1338,30.071],[-96.1512,30.0764],[-96.1464,30.0645],[-96.1147,30.0488],[-96.1132,30.027],[-96.0966,30.0276],[-96.0845,30.0051],[-96.1045,29.9964],[-96.0928,29.9615],[-96.126,29.965],[-96.1008,29.9435],[-96.1311,29.9387],[-96.1132,29.9144],[-96.1259,29.8977],[-96.0925,29.8818],[-96.1122,29.8726],[-96.1009,29.8525],[-96.1221,29.8394],[-96.0982,29.8267],[-96.1025,29.8097],[-96.0422,29.7953],[-96.0327,29.7279],[-95.9709,29.7286],[-95.9713,29.7405],[-95.8262,29.7883],[-95.9607,30.1634],[-95.8992,30.121],[-95.8735,30.122],[-95.8388,30.0831],[-95.8098,30.0852],[-95.8043,30.2456],[-96.0889,30.2287],[-96.0974,30.2145],[-96.1159,30.2279],[-96.159,30.2066],[-96.1525,30.1431],[-96.1807,30.1557],[-96.1718,30.1398],[-96.1922,30.1367]]]}},{"type":"Feature","properties":{"name":"Harrison County","fips":"48203"},"geometry":{"type":"Polygon","coordinates":[[[-94.7021,32.7931],[-94.702,32.4218],[-94.5894,32.3914],[-94.555,32.4076],[-94.5154,32.3871],[-94.4999,32.3978],[-94.4399,32.3618],[-94.3853,32.3671],[-94.3824,32.3451],[-94.3506,32.3266],[-94.0429,32.3923],[-94.0431,32.693],[-94.0907,32.6892],[-94.1172,32.7072],[-94.0923,32.7159],[-94.0927,32.7343],[-94.1445,32.741],[-94.1764,32.6947],[-94.2226,32.7034],[-94.2428,32.7507],[-94.2757,32.7505],[-94.2961,32.7236],[-94.3163,32.7304],[-94.3839,32.6933],[-94.5073,32.6937],[-94.7021,32.7931]]]}},{"type":"Feature","properties":{"name":"Morris County","fips":"48343"},"geometry":{"type":"Polygon","coordinates":[[[-94.8075,33.366],[-94.8185,32.9778],[-94.7865,32.9594],[-94.769,32.9259],[-94.7267,32.9131],[-94.7059,32.8792],[-94.654,32.8795],[-94.6524,33.2757],[-94.6869,33.293],[-94.6918,33.3124],[-94.7259,33.3071],[-94.7456,33.3299],[-94.7543,33.318],[-94.7814,33.3187],[-94.7819,33.3443],[-94.8075,33.366]]]}},{"type":"Feature","properties":{"name":"Reagan County","fips":"48383"},"geometry":{"type":"Polygon","coordinates":[[[-101.7762,31.0814],[-101.2748,31.0794],[-101.2671,31.6509],[-101.7758,31.6513],[-101.7762,31.0814]]]}},{"type":"Feature","properties":{"name":"Coleman County","fips":"48083"},"geometry":{"type":"Polygon","coordinates":[[[-99.714,32.0821],[-99.7221,31.5628],[-99.7057,31.5769],[-99.6919,31.5547],[-99.6717,31.5531],[-99.692,31.5329],[-99.6545,31.5322],[-99.6774,31.4977],[-99.6526,31.4965],[-99.6254,31.4674],[-99.608,31.4781],[-99.62,31.5021],[-99.537,31.4836],[-99.5119,31.4244],[-99.4949,31.445],[-99.4709,31.4217],[-99.4349,31.4483],[-99.4498,31.4577],[-99.4408,31.475],[-99.3573,31.4309],[-99.3439,31.4433],[-99.3462,31.4219],[-99.3144,31.4098],[-99.2472,31.4797],[-99.2028,31.4672],[-99.1959,32.0792],[-99.714,32.0821]]]}},{"type":"Feature","properties":{"name":"Stephens County","fips":"48429"},"geometry":{"type":"Polygon","coordinates":[[[-99.096,32.957],[-99.096,32.5148],[-98.5763,32.5152],[-98.5756,32.9543],[-99.096,32.957]]]}},{"type":"Feature","properties":{"name":"Ochiltree County","fips":"48357"},"geometry":{"type":"Polygon","coordinates":[[[-101.0852,36.4992],[-101.0857,36.0576],[-100.5467,36.0565],[-100.5461,36.4993],[-101.0852,36.4992]]]}},{"type":"Feature","properties":{"name":"Crane County","fips":"48103"},"geometry":{"type":"Polygon","coordinates":[[[-102.7672,31.6517],[-102.7674,31.2938],[-102.7392,31.2826],[-102.7249,31.3084],[-102.6761,31.3301],[-102.5887,31.2603],[-102.5747,31.2728],[-102.5113,31.2597],[-102.4295,31.1936],[-102.4303,31.1293],[-102.4062,31.0879],[-102.3012,31.0862],[-102.3181,31.6513],[-102.7672,31.6517]]]}},{"type":"Feature","properties":{"name":"Pecos County","fips":"48371"},"geometry":{"type":"Polygon","coordinates":[[[-102.343,30.5988],[-102.1384,30.5975],[-102.1378,30.656],[-101.7684,30.6529],[-101.7798,30.686],[-101.8101,30.7024],[-101.8158,30.752],[-101.8388,30.7633],[-101.8315,30.8017],[-101.8499,30.8569],[-101.8911,30.8902],[-101.879,30.9217],[-101.9186,30.9346],[-101.9841,30.9873],[-102.0117,30.9793],[-102.0492,31.0036],[-102.1099,30.9903],[-102.1809,31.0167],[-102.19,31.0034],[-102.202,31.031],[-102.2848,31.0338],[-102.3299,31.0683],[-102.4062,31.0879],[-102.4303,31.1293],[-102.4251,31.1783],[-102.4421,31.2127],[-102.5208,31.2628],[-102.5965,31.264],[-102.6757,31.33],[-102.7249,31.3084],[-102.7392,31.2826],[-102.7744,31.2953],[-102.8267,31.2669],[-102.9137,31.339],[-103.011,31.3713],[-103.5851,30.7665],[-102.567,30.0528],[-102.5669,30.2833],[-102.3431,30.2841],[-102.343,30.5988]]]}},{"type":"Feature","properties":{"name":"Cochran County","fips":"48079"},"geometry":{"type":"Polygon","coordinates":[[[-103.0474,33.8247],[-103.0565,33.3884],[-102.5948,33.3885],[-102.6154,33.8251],[-103.0474,33.8247]]]}},{"type":"Feature","properties":{"name":"Tarrant County","fips":"48439"},"geometry":{"type":"Polygon","coordinates":[[[-97.0387,32.5487],[-97.031,32.9897],[-97.5442,32.9942],[-97.5506,32.5554],[-97.0387,32.5487]]]}},{"type":"Feature","properties":{"name":"Jackson County","fips":"48239"},"geometry":{"type":"Polygon","coordinates":[[[-96.3092,28.9633],[-96.6585,29.2639],[-96.9386,29.0632],[-96.8321,29.0213],[-96.7921,28.9188],[-96.7389,28.8936],[-96.7031,28.8516],[-96.7231,28.8212],[-96.6961,28.7966],[-96.6974,28.7738],[-96.6701,28.7612],[-96.6593,28.72],[-96.5881,28.7264],[-96.578,28.6968],[-96.4284,28.7035],[-96.3995,28.7302],[-96.4044,28.6744],[-96.3235,28.6756],[-96.3092,28.9633]]]}},{"type":"Feature","properties":{"name":"Milam County","fips":"48331"},"geometry":{"type":"Polygon","coordinates":[[[-97.1552,30.4573],[-96.6214,30.7307],[-96.6329,30.7418],[-96.6127,30.7531],[-96.6252,30.7808],[-96.6483,30.781],[-96.6413,30.8181],[-96.6949,30.8645],[-96.6822,30.882],[-96.6972,30.8984],[-96.6849,30.906],[-96.7262,30.8985],[-96.7569,30.9279],[-96.7724,30.9691],[-96.7464,30.9996],[-96.7713,31.0021],[-96.7797,31.0334],[-96.7682,31.0489],[-96.7916,31.0651],[-96.8203,31.061],[-96.8093,31.0805],[-96.8296,31.1104],[-97.259,30.8896],[-97.3155,30.7524],[-97.2699,30.7354],[-97.1552,30.4573]]]}},{"type":"Feature","properties":{"name":"Cooke County","fips":"48097"},"geometry":{"type":"Polygon","coordinates":[[[-96.9439,33.4164],[-96.9446,33.9492],[-96.9738,33.9357],[-96.9794,33.9562],[-96.9943,33.9492],[-96.9838,33.8909],[-97.0214,33.8464],[-97.041,33.8376],[-97.0638,33.86],[-97.088,33.8526],[-97.0481,33.8175],[-97.0929,33.8038],[-97.0865,33.7433],[-97.1212,33.7172],[-97.1574,33.7255],[-97.1926,33.7597],[-97.205,33.8189],[-97.1666,33.8473],[-97.1808,33.8952],[-97.2061,33.9143],[-97.2422,33.9064],[-97.2542,33.8653],[-97.2709,33.858],[-97.3092,33.8887],[-97.3328,33.8553],[-97.3325,33.8843],[-97.3655,33.8237],[-97.4142,33.818],[-97.4591,33.8346],[-97.4509,33.8914],[-97.4842,33.9155],[-97.4871,33.4337],[-96.9439,33.4164]]]}},{"type":"Feature","properties":{"name":"Washington County","fips":"48477"},"geometry":{"type":"Polygon","coordinates":[[[-96.5941,30.071],[-96.2889,30.0968],[-96.2595,30.0757],[-96.1658,30.0532],[-96.1512,30.0764],[-96.1347,30.0675],[-96.1584,30.0917],[-96.154,30.108],[-96.1699,30.0988],[-96.1887,30.1105],[-96.1787,30.1198],[-96.1922,30.1367],[-96.1718,30.1398],[-96.1807,30.1557],[-96.1525,30.1431],[-96.162,30.1649],[-96.1474,30.218],[-96.0931,30.2204],[-96.1031,30.2387],[-96.0808,30.2443],[-96.0991,30.2552],[-96.084,30.2851],[-96.1003,30.2918],[-96.0944,30.3094],[-96.1195,30.3048],[-96.1528,30.328],[-96.1499,30.3688],[-96.1762,30.3755],[-96.1787,30.3947],[-96.1955,30.3997],[-96.2098,30.374],[-96.2697,30.3585],[-96.3128,30.3843],[-96.378,30.3556],[-96.4119,30.3582],[-96.4227,30.3434],[-96.6397,30.2974],[-96.6855,30.249],[-96.732,30.2437],[-96.7416,30.1973],[-96.7946,30.1605],[-96.7669,30.1387],[-96.6871,30.1644],[-96.6834,30.151],[-96.6472,30.1452],[-96.622,30.0443],[-96.5941,30.071]]]}},{"type":"Feature","properties":{"name":"Lynn County","fips":"48305"},"geometry":{"type":"Polygon","coordinates":[[[-101.5574,32.961],[-101.5569,33.3948],[-102.0759,33.3896],[-102.0762,32.9597],[-101.5574,32.961]]]}},{"type":"Feature","properties":{"name":"Motley County","fips":"48345"},"geometry":{"type":"Polygon","coordinates":[[[-101.0415,34.3124],[-101.0412,33.8336],[-100.5187,33.8357],[-100.5173,34.3141],[-101.0415,34.3124]]]}},{"type":"Feature","properties":{"name":"Wichita County","fips":"48485"},"geometry":{"type":"Polygon","coordinates":[[[-98.9532,33.834],[-98.423,33.8361],[-98.4235,34.0828],[-98.487,34.0629],[-98.561,34.1239],[-98.5509,34.1326],[-98.5998,34.1606],[-98.6481,34.1644],[-98.6901,34.1332],[-98.7493,34.1242],[-98.813,34.1584],[-98.8556,34.1616],[-98.8667,34.1492],[-98.8729,34.1666],[-98.9524,34.2125],[-98.9532,33.834]]]}},{"type":"Feature","properties":{"name":"Swisher County","fips":"48437"},"geometry":{"type":"Polygon","coordinates":[[[-101.9985,34.7482],[-101.998,34.313],[-101.4716,34.3123],[-101.4716,34.7475],[-101.9985,34.7482]]]}},{"type":"Feature","properties":{"name":"Kaufman County","fips":"48257"},"geometry":{"type":"Polygon","coordinates":[[[-96.0759,32.3575],[-96.0768,32.8385],[-96.2973,32.8417],[-96.2974,32.8142],[-96.519,32.8136],[-96.5292,32.5404],[-96.503,32.526],[-96.5133,32.5121],[-96.4982,32.4534],[-96.4344,32.4111],[-96.4524,32.3587],[-96.0759,32.3575]]]}},{"type":"Feature","properties":{"name":"Nolan County","fips":"48353"},"geometry":{"type":"Polygon","coordinates":[[[-100.1465,32.5228],[-100.6606,32.5253],[-100.6654,32.0854],[-100.1519,32.0826],[-100.1465,32.5228]]]}},{"type":"Feature","properties":{"name":"Parmer County","fips":"48369"},"geometry":{"type":"Polygon","coordinates":[[[-103.043,34.7474],[-103.0438,34.3127],[-102.5256,34.313],[-102.5252,34.7469],[-103.043,34.7474]]]}},{"type":"Feature","properties":{"name":"Brazos County","fips":"48041"},"geometry":{"type":"Polygon","coordinates":[[[-96.4561,30.7472],[-96.5811,30.6893],[-96.6015,30.6401],[-96.5105,30.6278],[-96.4999,30.6128],[-96.4892,30.6218],[-96.4879,30.6051],[-96.4515,30.5968],[-96.4368,30.5738],[-96.4304,30.5909],[-96.4206,30.585],[-96.4135,30.5397],[-96.3594,30.5426],[-96.3553,30.522],[-96.3713,30.5141],[-96.3418,30.4972],[-96.3299,30.4774],[-96.3396,30.4721],[-96.3209,30.4496],[-96.2844,30.4476],[-96.288,30.4213],[-96.2723,30.4102],[-96.2975,30.4118],[-96.3069,30.3946],[-96.2858,30.3647],[-96.2098,30.374],[-96.1945,30.3999],[-96.1745,30.3909],[-96.1755,30.375],[-96.1508,30.3707],[-96.1605,30.3401],[-96.1546,30.3303],[-96.1403,30.3397],[-96.1473,30.3828],[-96.1215,30.384],[-96.1122,30.4157],[-96.08,30.4304],[-96.13,30.4526],[-96.1598,30.5673],[-96.1883,30.5993],[-96.1656,30.6431],[-96.1779,30.7095],[-96.1602,30.7352],[-96.1626,30.7695],[-96.1836,30.7951],[-96.1709,30.8066],[-96.1741,30.8529],[-96.2127,30.9053],[-96.1982,30.932],[-96.2075,30.9471],[-96.241,30.9737],[-96.3476,30.9129],[-96.4561,30.7472]]]}},{"type":"Feature","properties":{"name":"Galveston County","fips":"48167"},"geometry":{"type":"Polygon","coordinates":[[[-95.233,29.4662],[-95.0561,29.1993],[-95.1299,29.0856],[-95.0916,29.0627],[-94.7727,29.2317],[-94.7133,29.2825],[-94.6504,29.2919],[-94.6239,29.3431],[-94.6503,29.3828],[-94.3694,29.5006],[-94.3716,29.5972],[-94.409,29.5975],[-94.4226,29.5663],[-94.5208,29.5408],[-94.5559,29.5745],[-94.7558,29.5245],[-94.7932,29.5511],[-94.8252,29.5191],[-94.9115,29.4962],[-94.9827,29.5135],[-95.0182,29.5546],[-95.0586,29.5591],[-95.0964,29.5351],[-95.1043,29.5107],[-95.1619,29.4973],[-95.2011,29.5632],[-95.2163,29.5558],[-95.233,29.4662]]]}},{"type":"Feature","properties":{"name":"Harris County","fips":"48201"},"geometry":{"type":"Polygon","coordinates":[[[-94.9788,29.6767],[-94.9303,29.6737],[-94.9199,29.6869],[-94.9158,29.6986],[-94.9455,29.7171],[-94.9134,29.7667],[-94.9242,29.7959],[-94.9087,29.8261],[-94.9771,29.8682],[-94.9987,29.9199],[-94.9822,29.965],[-94.9998,29.9915],[-95.0312,29.9933],[-95.0967,30.1672],[-95.2641,30.0321],[-95.2929,30.0277],[-95.3497,30.0765],[-95.4099,30.0927],[-95.4242,30.1155],[-95.4883,30.1079],[-95.4999,30.1426],[-95.542,30.1705],[-95.669,30.1014],[-95.817,30.0818],[-95.9607,30.1634],[-95.826,29.7886],[-95.6055,29.6645],[-95.4242,29.5807],[-95.3464,29.5856],[-95.3317,29.5991],[-95.2619,29.5933],[-95.2538,29.5537],[-95.1934,29.5599],[-95.1995,29.5445],[-95.1616,29.4973],[-95.1043,29.5107],[-95.0669,29.5582],[-95.0175,29.5485],[-94.9826,29.6018],[-95.0161,29.6383],[-94.9788,29.6767]]]}},{"type":"Feature","properties":{"name":"Hartley County","fips":"48205"},"geometry":{"type":"Polygon","coordinates":[[[-103.0411,36.0552],[-103.0417,35.6225],[-102.1628,35.6275],[-102.163,36.0552],[-103.0411,36.0552]]]}},{"type":"Feature","properties":{"name":"Jim Wells County","fips":"48249"},"geometry":{"type":"Polygon","coordinates":[[[-98.2355,28.058],[-98.2325,27.2625],[-98.0581,27.261],[-98.0598,27.6359],[-97.9421,27.6359],[-97.9343,27.8852],[-97.789,28.0139],[-97.8058,28.0414],[-97.8533,28.0366],[-97.8831,28.0569],[-98.2355,28.058]]]}},{"type":"Feature","properties":{"name":"Van Zandt County","fips":"48467"},"geometry":{"type":"Polygon","coordinates":[[[-95.7639,32.7579],[-95.7701,32.7727],[-95.8508,32.7708],[-95.9338,32.8371],[-96.0768,32.8385],[-96.0759,32.3575],[-95.4492,32.3552],[-95.5943,32.4799],[-95.5935,32.6936],[-95.6371,32.7247],[-95.6624,32.7117],[-95.7023,32.7424],[-95.7639,32.7579]]]}},{"type":"Feature","properties":{"name":"Dawson County","fips":"48115"},"geometry":{"type":"Polygon","coordinates":[[[-102.2027,32.5233],[-101.6887,32.5252],[-101.6913,32.9618],[-102.2085,32.959],[-102.2027,32.5233]]]}},{"type":"Feature","properties":{"name":"Dimmit County","fips":"48127"},"geometry":{"type":"Polygon","coordinates":[[[-100.1137,28.1978],[-99.3942,28.2046],[-99.3957,28.6408],[-100.1143,28.6481],[-100.1137,28.1978]]]}},{"type":"Feature","properties":{"name":"Hardin County","fips":"48199"},"geometry":{"type":"Polygon","coordinates":[[[-94.2361,30.1653],[-94.1951,30.1891],[-94.1159,30.1603],[-94.1075,30.1925],[-94.0913,30.1978],[-94.118,30.2162],[-94.1185,30.2442],[-94.0965,30.2587],[-94.1205,30.2841],[-94.0829,30.3457],[-94.1194,30.4263],[-94.0717,30.526],[-94.5457,30.527],[-94.5379,30.4911],[-94.7327,30.4901],[-94.5963,30.1121],[-94.3421,30.1031],[-94.2926,30.1177],[-94.2755,30.1703],[-94.2361,30.1653]]]}},{"type":"Feature","properties":{"name":"Collin County","fips":"48085"},"geometry":{"type":"Polygon","coordinates":[[[-96.8341,33.4055],[-96.8441,32.9874],[-96.2972,32.9818],[-96.2954,33.3519],[-96.3845,33.3411],[-96.3846,33.3978],[-96.8341,33.4055]]]}},{"type":"Feature","properties":{"name":"Midland County","fips":"48329"},"geometry":{"type":"Polygon","coordinates":[[[-102.287,32.087],[-102.2873,31.6513],[-101.7758,31.6513],[-101.7761,32.0869],[-102.287,32.087]]]}},{"type":"Feature","properties":{"name":"Hidalgo County","fips":"48215"},"geometry":{"type":"Polygon","coordinates":[[[-98.0042,26.4488],[-97.9844,26.5366],[-97.9639,26.5335],[-97.9574,26.6118],[-97.9853,26.6158],[-97.9855,26.7809],[-98.3207,26.7831],[-98.585,26.244],[-98.5657,26.2413],[-98.5618,26.2241],[-98.5457,26.2372],[-98.5566,26.248],[-98.5438,26.2438],[-98.5349,26.2254],[-98.5222,26.2356],[-98.5241,26.2209],[-98.501,26.2226],[-98.507,26.2092],[-98.4854,26.2127],[-98.4813,26.2008],[-98.4813,26.2199],[-98.4437,26.2241],[-98.444,26.2006],[-98.3869,26.1579],[-98.3597,26.1725],[-98.3518,26.1512],[-98.3357,26.1659],[-98.3356,26.1384],[-98.3057,26.1031],[-98.2967,26.1203],[-98.266,26.1208],[-98.2882,26.1045],[-98.1943,26.0532],[-98.1765,26.0752],[-98.1465,26.049],[-98.1321,26.0742],[-98.0935,26.0586],[-98.0797,26.0709],[-98.0768,26.0363],[-98.0388,26.0413],[-98.0276,26.067],[-98.012,26.0561],[-97.9804,26.0674],[-97.9667,26.0517],[-97.9333,26.053],[-97.9334,26.0656],[-97.8687,26.0569],[-97.8619,26.4336],[-98.0042,26.4488]]]}},{"type":"Feature","properties":{"name":"Schleicher County","fips":"48413"},"geometry":{"type":"Polygon","coordinates":[[[-100.9606,30.7061],[-100.1162,30.7104],[-100.1152,31.088],[-100.9622,31.0825],[-100.9606,30.7061]]]}},{"type":"Feature","properties":{"name":"Cass County","fips":"48067"},"geometry":{"type":"Polygon","coordinates":[[[-94.654,32.8795],[-94.0431,32.8811],[-94.043,33.2712],[-94.0561,33.298],[-94.0833,33.2929],[-94.0826,33.3046],[-94.1101,33.3094],[-94.1305,33.2926],[-94.1644,33.3121],[-94.2182,33.297],[-94.2158,33.2848],[-94.2404,33.274],[-94.2294,33.243],[-94.2593,33.237],[-94.2977,33.2556],[-94.3797,33.2557],[-94.4157,33.284],[-94.4684,33.2943],[-94.569,33.2643],[-94.5784,33.2477],[-94.5905,33.2594],[-94.6348,33.2514],[-94.6523,33.2689],[-94.654,32.8795]]]}},{"type":"Feature","properties":{"name":"Glasscock County","fips":"48173"},"geometry":{"type":"Polygon","coordinates":[[[-101.7761,32.0869],[-101.7758,31.6513],[-101.2671,31.6509],[-101.2642,32.0871],[-101.7761,32.0869]]]}},{"type":"Feature","properties":{"name":"Fisher County","fips":"48151"},"geometry":{"type":"Polygon","coordinates":[[[-100.1465,32.5228],[-100.1442,32.96],[-100.6559,32.9635],[-100.6606,32.5253],[-100.1465,32.5228]]]}},{"type":"Feature","properties":{"name":"Comanche County","fips":"48093"},"geometry":{"type":"Polygon","coordinates":[[[-98.3275,31.9413],[-98.5512,32.2614],[-98.9244,32.078],[-98.6684,31.7005],[-98.4928,31.7236],[-98.4637,31.684],[-98.1566,31.8417],[-98.2512,31.9801],[-98.3275,31.9413]]]}},{"type":"Feature","properties":{"name":"Sabine County","fips":"48403"},"geometry":{"type":"Polygon","coordinates":[[[-93.9111,31.1581],[-93.6003,31.1762],[-93.6073,31.2054],[-93.595,31.2213],[-93.6181,31.2327],[-93.6203,31.271],[-93.6425,31.2695],[-93.6873,31.3061],[-93.6684,31.353],[-93.6392,31.372],[-93.671,31.3662],[-93.6741,31.3977],[-93.7049,31.4109],[-93.6925,31.4382],[-93.7095,31.442],[-93.7039,31.4555],[-93.7495,31.4687],[-93.7524,31.4827],[-93.711,31.5122],[-93.7427,31.5157],[-93.7474,31.5307],[-93.7877,31.5273],[-93.8349,31.5862],[-93.8965,31.6118],[-93.9845,31.5694],[-93.9832,31.4661],[-94.0442,31.41],[-94.0217,31.3659],[-94.0473,31.2985],[-94.029,31.2502],[-94.048,31.1446],[-94.039,31.1343],[-93.9111,31.1581]]]}},{"type":"Feature","properties":{"name":"Sutton County","fips":"48435"},"geometry":{"type":"Polygon","coordinates":[[[-100.1162,30.7104],[-100.9606,30.7061],[-100.9606,30.2878],[-100.1165,30.2903],[-100.1162,30.7104]]]}},{"type":"Feature","properties":{"name":"Cameron County","fips":"48061"},"geometry":{"type":"Polygon","coordinates":[[[-97.3406,25.9289],[-97.3261,25.9176],[-97.3029,25.9373],[-97.277,25.9351],[-97.2835,25.9595],[-97.2472,25.9482],[-97.2087,25.964],[-97.1588,25.9621],[-97.1581,25.9488],[-97.0897,25.9608],[-97.09,26.0753],[-97.1083,26.1045],[-97.1252,26.2483],[-97.1673,26.4127],[-97.3865,26.4104],[-97.4454,26.3258],[-97.4679,26.3429],[-97.4697,26.3299],[-97.5077,26.3347],[-97.5008,26.3189],[-97.5213,26.3258],[-97.5276,26.2993],[-97.8619,26.3482],[-97.8607,26.0528],[-97.8183,26.0566],[-97.8134,26.044],[-97.8011,26.0602],[-97.7921,26.034],[-97.7768,26.0293],[-97.7679,26.0475],[-97.7632,26.0267],[-97.7371,26.0215],[-97.7072,26.0378],[-97.6912,26.0189],[-97.6932,26.0325],[-97.6626,26.0381],[-97.6679,26.0193],[-97.6404,26.0244],[-97.6494,26.0108],[-97.6186,26.0027],[-97.6346,25.9904],[-97.6019,25.9572],[-97.5821,25.9624],[-97.578,25.9421],[-97.5679,25.9524],[-97.5829,25.933],[-97.5372,25.9308],[-97.521,25.8862],[-97.4981,25.8991],[-97.4968,25.8797],[-97.4556,25.8842],[-97.4446,25.8675],[-97.454,25.8541],[-97.4254,25.8406],[-97.4127,25.841],[-97.4096,25.8623],[-97.4063,25.8379],[-97.3728,25.8401],[-97.3639,25.8504],[-97.376,25.856],[-97.3566,25.8675],[-97.3741,25.8801],[-97.3564,25.888],[-97.3752,25.9077],[-97.3406,25.9289]]]}},{"type":"Feature","properties":{"name":"Montgomery County","fips":"48339"},"geometry":{"type":"Polygon","coordinates":[[[-95.8302,30.6303],[-95.8044,30.3387],[-95.8033,30.0901],[-95.669,30.1014],[-95.542,30.1705],[-95.4999,30.1426],[-95.4883,30.1079],[-95.4242,30.1155],[-95.4099,30.0927],[-95.3497,30.0765],[-95.2927,30.0278],[-95.2641,30.0321],[-95.0967,30.1672],[-95.1659,30.345],[-95.2264,30.3197],[-95.2038,30.3521],[-95.3084,30.4058],[-95.3619,30.5089],[-95.599,30.509],[-95.8302,30.6303]]]}},{"type":"Feature","properties":{"name":"Llano County","fips":"48299"},"geometry":{"type":"Polygon","coordinates":[[[-98.9646,30.9214],[-98.9642,30.4985],[-98.4115,30.5021],[-98.351,30.4861],[-98.352,30.5584],[-98.3703,30.5744],[-98.4054,30.5662],[-98.4137,30.5859],[-98.4002,30.5984],[-98.4418,30.6664],[-98.4033,30.6769],[-98.4143,30.7037],[-98.3714,30.7421],[-98.4299,30.7561],[-98.432,30.7904],[-98.3766,30.8338],[-98.4216,30.835],[-98.4215,30.8632],[-98.4564,30.8765],[-98.4458,30.9214],[-98.9646,30.9214]]]}},{"type":"Feature","properties":{"name":"Mason County","fips":"48319"},"geometry":{"type":"Polygon","coordinates":[[[-99.4848,30.9406],[-99.4845,30.4996],[-98.9642,30.4985],[-98.9646,30.9214],[-99.0924,30.922],[-99.0923,30.941],[-99.4848,30.9406]]]}},{"type":"Feature","properties":{"name":"Wheeler County","fips":"48483"},"geometry":{"type":"Polygon","coordinates":[[[-100.5402,35.6193],[-100.539,35.1831],[-100.0004,35.1827],[-100.0004,35.6191],[-100.5402,35.6193]]]}},{"type":"Feature","properties":{"name":"San Patricio County","fips":"48409"},"geometry":{"type":"Polygon","coordinates":[[[-97.5198,27.8611],[-97.4918,27.8817],[-97.4808,27.8598],[-97.4603,27.862],[-97.4593,27.8783],[-97.4459,27.8654],[-97.3377,27.8832],[-97.3319,27.8733],[-97.3437,27.8714],[-97.3599,27.8522],[-97.3548,27.8503],[-97.2637,27.8807],[-97.2317,27.8486],[-97.2216,27.8543],[-97.2227,27.8319],[-97.2453,27.8361],[-97.2013,27.8211],[-97.1846,27.8257],[-97.1704,27.8347],[-97.1607,27.8432],[-97.187,27.8255],[-97.1351,27.8972],[-97.2613,28.087],[-97.2837,28.0909],[-97.2909,28.1151],[-97.3169,28.1101],[-97.3178,28.1375],[-97.3253,28.1195],[-97.3415,28.1322],[-97.3457,28.1184],[-97.379,28.1389],[-97.3848,28.124],[-97.4038,28.1301],[-97.4044,28.109],[-97.4352,28.1294],[-97.4227,28.1429],[-97.4463,28.1327],[-97.4425,28.1542],[-97.473,28.156],[-97.4759,28.1794],[-97.5212,28.1513],[-97.5411,28.1647],[-97.5676,28.1297],[-97.8177,28.1768],[-97.9041,28.1142],[-97.9012,28.0678],[-97.8781,28.0463],[-97.7961,28.0313],[-97.789,28.0138],[-97.8176,27.9705],[-97.8065,27.9344],[-97.7786,27.9475],[-97.763,27.9235],[-97.73,27.9233],[-97.7367,27.9161],[-97.736,27.9119],[-97.6908,27.9172],[-97.6753,27.8825],[-97.6382,27.8656],[-97.627,27.8954],[-97.5919,27.857],[-97.4885,27.8391],[-97.5198,27.8611]]]}},{"type":"Feature","properties":{"name":"Trinity County","fips":"48455"},"geometry":{"type":"Polygon","coordinates":[[[-95.4348,31.0581],[-95.4343,30.9374],[-95.4114,30.931],[-95.4155,30.9079],[-95.3813,30.8871],[-95.3994,30.8815],[-95.3974,30.8583],[-95.354,30.8562],[-95.344,30.8758],[-95.3279,30.8593],[-95.3129,30.8979],[-95.2524,30.9067],[-95.2308,30.887],[-95.2431,30.8669],[-95.2321,30.8428],[-95.2002,30.8246],[-94.9391,31.042],[-94.8429,31.1466],[-94.8566,31.1502],[-94.8605,31.235],[-94.8977,31.258],[-94.8778,31.2875],[-94.8947,31.2917],[-94.9094,31.337],[-94.9578,31.3428],[-94.9581,31.3869],[-95.4348,31.0581]]]}},{"type":"Feature","properties":{"name":"Moore County","fips":"48341"},"geometry":{"type":"Polygon","coordinates":[[[-101.6228,35.6202],[-101.6235,36.0554],[-102.163,36.0552],[-102.1628,35.62],[-101.6228,35.6202]]]}},{"type":"Feature","properties":{"name":"Castro County","fips":"48069"},"geometry":{"type":"Polygon","coordinates":[[[-102.5252,34.7469],[-102.5256,34.313],[-101.998,34.313],[-101.9985,34.7482],[-102.5252,34.7469]]]}},{"type":"Feature","properties":{"name":"Fayette County","fips":"48149"},"geometry":{"type":"Polygon","coordinates":[[[-97.1433,29.6281],[-96.8742,29.6327],[-96.5698,29.9615],[-96.622,30.0443],[-96.6472,30.1452],[-96.6834,30.151],[-96.6871,30.1644],[-96.7669,30.1387],[-96.7946,30.1605],[-96.8459,30.116],[-97.0192,30.032],[-97.0245,30.0514],[-97.3179,29.7847],[-97.1305,29.6433],[-97.1433,29.6281]]]}},{"type":"Feature","properties":{"name":"Briscoe County","fips":"48045"},"geometry":{"type":"Polygon","coordinates":[[[-101.4716,34.3123],[-100.9461,34.3128],[-100.9449,34.7483],[-101.4716,34.7475],[-101.4716,34.3123]]]}},{"type":"Feature","properties":{"name":"Zapata County","fips":"48505"},"geometry":{"type":"Polygon","coordinates":[[[-99.4538,27.2651],[-99.4264,27.1767],[-99.4421,27.1069],[-99.4292,27.091],[-99.4523,27.0627],[-99.4457,27.0218],[-99.4155,27.0172],[-99.3784,26.98],[-99.3883,26.9442],[-99.3247,26.916],[-99.3286,26.8786],[-99.2686,26.8432],[-99.24,26.7459],[-99.2089,26.7248],[-99.1694,26.5717],[-99.0111,26.675],[-98.9542,26.7857],[-98.9547,27.2694],[-99.3336,27.2732],[-99.3706,27.3192],[-99.4538,27.2651]]]}}]}